ID,Año,"Medicos_generales_especialistas_y_odontologos",Personal_medico_en_formacion,Medicos_en_otras_labores,Enfermeras_generales_y_especialistas,Pasantes_de_enfermeria,Auxiliares_de_enfermeria,Personal_de_enfermeria_en_otras_labores,Personal_profesional,Personal_tecnico,Otro_personal,TOTAL,ID_Estado
1,2012,146322,40172,17201,154269,14728,90825,17116,57394,65999,202756,806782,33
2,2013,152423,42294,17668,160539,16973,93128,17167,59194,68828,206070,834284,33
3,2014,159364,45417,18142,166266,19091,97048,18606,62075,70694,216192,872895,33
4,2015,170129,47873,23744,172049,21874,100726,20120,39288,83755,218320,897878,33
5,2016,171930,52953,15556,180633,26093,102915,18897,41627,112090,211422,934116,33
6,2017,173374,55660,15884,179167,28124,105578,24360,42027,112520,212920,949614,33
7,2018,174536,56690,17261,181386,29857,104853,18820,42755,115693,214391,956242,33
8,2019,176706,58400,15691,183875,28585,103092,19900,45170,117034,215248,963701,33
9,2020,180423,57362,16290,191731,26017,108073,20156,45527,120989,220422,986990,33
10,2021,183923,63710,17139,196423,24395,108521,23387,47779,121373,219675,1006325,33
11,2022,186851,67945,17113,201624,28083,108875,23418,48752,123791,223389,1029841,33
12,2023,191757,88347,18046,206888,26213,111042,24679,51024,122389,226308,1066693,33
13,2012,1903,402,238,1875,398,1139,223,842,829,2428,10277,1
14,2013,1937,447,237,1870,465,1159,230,828,845,2412,10430,1
15,2014,1988,476,243,1883,460,1153,249,812,851,2505,10620,1
16,2015,2069,487,336,1917,519,1265,244,477,962,2432,10708,1
17,2016,2082,633,195,2048,454,1146,244,504,1454,2619,11379,1
18,2017,2318,693,211,2237,458,1240,247,487,1516,2789,12196,1
19,2018,2311,601,222,2438,384,1378,254,461,1697,2872,12618,1
20,2019,2354,737,204,2690,558,1214,266,591,1644,3055,13313,1
21,2020,2442,670,212,2701,446,1443,261,617,1703,3030,13525,1
22,2021,2479,763,236,2695,388,1477,273,615,1722,3085,13733,1
23,2022,2532,805,220,2807,382,1359,299,642,1714,3074,13834,1
24,2023,2651,1010,231,2947,382,1450,288,672,1682,3114,14427,1
25,2012,3758,986,508,4199,288,2209,506,1443,1358,5238,20493,2
26,2013,3781,1057,515,4175,287,2212,497,1428,1350,5100,20402,2
27,2014,3795,1148,517,4147,397,2312,502,1416,1415,5274,20923,2
28,2015,4156,1240,751,4326,448,2351,555,642,1841,5316,21626,2
29,2016,4103,1466,419,4262,498,2367,559,704,2731,5060,22169,2
30,2017,4090,1574,442,4299,650,2442,523,701,2720,4983,22424,2
31,2018,3923,1575,446,4241,614,2328,508,623,2721,4753,21732,2
32,2019,4090,1651,448,4490,633,2263,517,700,2793,4970,22555,2
33,2020,4187,1797,462,4692,570,2409,530,743,2888,5051,23329,2
34,2021,4241,1763,477,4531,388,2659,553,760,2860,4990,23222,2
35,2022,4369,1489,448,4581,468,2651,552,773,2873,5057,23261,2
36,2023,4452,2716,434,4968,450,2574,646,848,2832,5281,25201,2
37,2012,1326,187,145,848,66,1097,111,459,487,1910,6636,3
38,2013,1347,198,155,909,62,1060,105,443,505,1888,6672,3
39,2014,1404,211,133,1247,84,771,78,512,476,1997,6913,3
40,2015,1507,197,243,1397,86,725,98,317,658,1905,7133,3
41,2016,1528,289,143,1382,111,925,85,290,897,2000,7650,3
42,2017,1523,286,136,1348,136,872,105,294,901,1951,7552,3
43,2018,1544,303,151,1382,135,849,110,295,956,1911,7636,3
44,2019,1605,347,133,1383,126,886,136,298,1042,1978,7934,3
45,2020,1703,253,138,1494,76,970,128,304,1075,2009,8150,3
46,2021,1668,341,165,1478,72,921,148,309,1066,1930,8098,3
47,2022,1600,413,153,1450,99,896,149,343,1039,1960,8102,3
48,2023,1757,430,149,1589,113,891,157,372,1080,2112,8650,3
49,2012,1523,329,165,1383,118,938,122,511,426,1493,7008,4
50,2013,1588,307,176,1434,92,1019,122,515,452,1561,7266,4
51,2014,1601,311,181,1406,87,1038,126,537,493,1690,7470,4
52,2015,1531,352,226,1501,82,1071,126,397,562,2026,7874,4
53,2016,1618,372,159,1534,148,993,139,442,787,2089,8281,4
54,2017,1582,404,147,1608,139,996,136,442,773,2075,8302,4
55,2018,1931,391,177,1638,145,1018,128,526,796,2048,8798,4
56,2019,1879,374,217,1636,147,1022,199,508,729,2075,8786,4
57,2020,1900,375,217,1730,130,1107,179,525,791,2142,9096,4
58,2021,1738,457,306,1647,121,1196,195,566,843,2052,9121,4
59,2022,1791,468,197,1962,158,1019,293,602,929,2119,9538,4
60,2023,1904,673,185,1949,152,1037,280,607,851,2024,9662,4
61,2012,4835,731,354,4369,623,3469,520,1313,1883,5167,23264,5
62,2013,5486,791,375,5542,705,3636,359,1639,2399,5885,26817,5
63,2014,5672,830,379,5871,812,3673,378,1656,2426,6178,27875,5
64,2015,5901,892,489,5978,1119,3552,400,1502,2603,6181,28617,5
65,2016,6349,1104,387,7150,1408,3733,397,1683,3112,6730,32053,5
66,2017,6705,1235,418,7546,1777,3770,394,1741,3178,6932,33696,5
67,2018,6418,1421,443,7075,2166,3629,415,1641,3015,7030,33253,5
68,2019,5969,1443,410,7166,2352,3543,438,1773,2938,6325,32357,5
69,2020,6473,1246,471,7648,1785,3705,494,1785,3167,7048,33822,5
70,2021,6566,1380,502,7780,1985,3784,527,1790,3094,7280,34688,5
71,2022,6717,1608,496,8147,2782,4035,572,1865,3393,7161,36776,5
72,2023,6790,1709,511,8233,1576,3884,555,1920,3163,7282,35623,5
73,2012,4007,881,504,4306,673,3399,660,2126,1704,6366,24626,6
74,2013,4136,803,505,4521,790,3437,630,2143,1752,6453,25170,6
75,2014,4203,868,502,4767,975,3467,633,2198,1816,6523,25952,6
76,2015,4729,938,811,5137,1033,3625,690,1173,2431,6444,27011,6
77,2016,4658,1349,387,5525,976,3697,619,1172,3439,6421,28243,6
78,2017,4617,1327,434,5575,1034,3776,668,1212,3424,6428,28495,6
79,2018,5140,1335,515,5686,1107,3783,656,1253,3630,6706,29811,6
80,2019,4897,1521,431,5714,1012,3720,640,1195,3836,6425,29391,6
81,2020,4992,1367,435,6046,900,3701,631,1362,3810,6779,30023,6
82,2021,5662,1524,512,6518,913,3594,635,1331,3912,7022,31623,6
83,2022,5430,1781,503,6719,944,3462,689,1355,3876,7240,31999,6
84,2023,5672,2001,576,6773,921,3498,729,1394,3751,7735,33050,6
85,2012,23197,7707,3189,30673,483,12168,3521,12299,13711,42506,149454,9
86,2013,24213,8184,3223,31209,564,12147,3506,12294,14016,41778,151134,9
87,2014,24897,8211,3083,31771,326,12233,3849,12993,13809,43856,155028,9
88,2015,26179,8599,3854,32666,366,12574,4243,8837,16018,43150,156486,9
89,2016,26173,9022,2571,34594,455,12471,3866,8939,20694,40347,159132,9
90,2017,25971,9904,2658,33506,601,12390,9085,8986,20901,40989,164991,9
91,2018,25896,9681,3005,33539,884,12139,3526,9255,21086,42019,161030,9
92,2019,25572,10583,2555,32994,514,11802,3715,9569,21354,42926,161584,9
93,2020,25573,10692,2717,33161,530,11985,3706,9568,21458,42611,162001,9
94,2021,26578,10646,2808,34908,419,12181,3637,9596,22429,41755,164957,9
95,2022,26816,11901,2998,35350,825,12487,3835,10048,23568,42584,170412,9
96,2023,28207,14610,3175,35917,1022,12934,4054,10381,21854,42435,174589,9
97,2012,3778,741,483,4043,454,2160,513,1920,1311,4918,20321,7
98,2013,4133,831,525,4675,598,2313,564,1978,1438,5739,22794,7
99,2014,4119,861,522,4657,751,2394,552,1971,1433,5673,22933,7
100,2015,4487,955,696,4597,742,2551,656,845,2059,5627,23215,7
101,2016,4286,1185,423,4842,984,2577,619,849,2978,5426,24169,7
102,2017,4409,1223,461,4942,992,2746,650,816,3298,5563,25100,7
103,2018,4438,1356,494,4990,1021,2785,621,893,3405,5339,25342,7
104,2019,4599,1454,426,5032,965,2818,633,971,3448,5639,25985,7
105,2020,4800,1194,451,5442,799,2997,686,1006,3688,5998,27061,7
106,2021,4895,1318,471,5390,908,3282,684,1023,3827,6047,27845,7
107,2022,4872,1466,437,5218,944,3159,661,1085,3826,5836,27504,7
108,2023,4912,1604,441,5309,890,3307,714,1022,3795,5876,27870,7
109,2012,1163,310,154,1278,128,539,173,413,354,1435,5947,8
110,2013,1234,294,159,1291,132,537,181,451,386,1488,6153,8
111,2014,1236,299,181,1264,159,571,199,461,388,1580,6338,8
112,2015,1359,307,196,1331,176,597,213,272,498,1540,6489,8
113,2016,1386,408,150,1293,239,627,189,284,754,1495,6825,8
114,2017,1411,441,159,1454,279,780,214,289,875,1597,7499,8
115,2018,1440,502,171,1400,288,822,191,295,837,1570,7516,8
116,2019,1459,525,147,1428,292,816,176,312,855,1586,7596,8
117,2020,1573,446,153,1527,173,1030,195,320,882,1620,7919,8
118,2021,1505,491,167,1551,185,896,211,335,882,1656,7879,8
119,2022,1493,576,157,1575,198,855,210,332,854,1654,7904,8
120,2023,1543,589,149,1605,204,874,213,369,876,1733,8155,8
121,2012,2472,731,233,2367,105,1591,230,900,833,2944,12406,10
122,2013,2446,738,239,2428,108,1582,251,1078,851,2786,12507,10
123,2014,2479,862,298,2513,201,1508,280,965,877,3062,13045,10
124,2015,2694,810,322,2662,170,1557,256,705,1057,3080,13313,10
125,2016,2703,909,222,2693,189,1558,227,744,1523,2892,13660,10
126,2017,2692,935,231,2867,292,1515,216,703,1501,2926,13878,10
127,2018,2728,1003,271,2900,236,1532,215,679,1526,3164,14254,10
128,2019,2751,966,214,2841,223,1368,249,708,1532,3094,13946,10
129,2020,2771,996,187,2952,246,1393,253,724,1586,3072,14180,10
130,2021,2888,1250,210,3214,120,1398,274,781,1683,3199,15017,10
131,2022,2944,1113,228,3370,125,1377,287,764,1688,3228,15124,10
132,2023,3206,1652,257,3463,159,1520,296,814,1740,3385,16492,10
133,2012,5823,1576,770,6201,594,3893,645,2079,2371,5819,29771,11
134,2013,5935,1699,807,6283,666,3929,656,2117,2443,6286,30821,11
135,2014,6161,1730,841,6664,555,4210,754,2302,2558,6258,32033,11
136,2015,6621,1734,982,7226,878,4218,880,1463,3063,6186,33251,11
137,2016,6906,1709,655,7612,1217,4284,846,1582,4471,6081,35363,11
138,2017,7216,1887,697,7524,1266,4563,803,1507,4222,6354,36039,11
139,2018,7348,1890,805,8094,1158,4752,857,1631,4632,6862,38029,11
140,2019,7649,1891,788,8387,1050,4742,899,1711,4905,6885,38907,11
141,2020,7879,1940,804,9028,739,4876,938,1733,5110,7146,40193,11
142,2021,7914,2263,857,9148,795,4870,970,1906,5081,6874,40678,11
143,2022,7978,2338,848,9205,860,4836,1053,1941,4945,6862,40866,11
144,2023,8092,3007,899,9244,918,4836,1076,1905,4973,6931,41881,11
145,2012,3967,792,301,4147,450,1543,297,1065,1865,3961,18388,12
146,2013,4151,734,304,4268,467,1677,292,1111,1893,3990,18887,12
147,2014,4986,774,283,4878,486,1958,321,1209,2111,4371,21377,12
148,2015,5377,757,451,5152,660,2189,375,1030,2390,4633,23014,12
149,2016,5474,850,275,5525,777,2239,381,1219,2867,5049,24656,12
150,2017,5762,1024,325,5744,1120,2568,528,1301,2853,5717,26942,12
151,2018,6124,991,356,5792,959,3116,425,1333,2674,6002,27772,12
152,2019,5938,995,347,5585,1005,3186,404,1410,2638,5723,27231,12
153,2020,5996,834,319,5638,868,3523,407,1430,2711,5853,27579,12
154,2021,6125,997,309,6024,820,3525,452,1538,2847,5913,28550,12
155,2022,6111,948,352,6136,901,3303,584,1555,2787,5931,28608,12
156,2023,6018,1413,341,6511,670,2904,456,1695,2672,5798,28478,12
157,2012,3237,817,401,2807,700,2465,356,908,1462,3860,17013,13
158,2013,3275,850,381,2792,763,2424,354,927,1499,3857,17122,13
159,2014,3370,916,374,2855,818,2423,347,889,1522,3946,17460,13
160,2015,3564,940,345,2958,865,2417,362,534,1506,4148,17639,13
161,2016,3655,948,242,2955,911,2565,325,581,2042,4013,18237,13
162,2017,3678,988,246,3034,1037,2558,330,526,2023,4024,18444,13
163,2018,3752,1035,262,3048,1023,2565,323,596,1994,4112,18710,13
164,2019,3911,908,222,3201,912,2461,327,619,1941,4015,18517,13
165,2020,4252,1005,255,3750,860,2621,318,755,2090,4404,20310,13
166,2021,4299,1128,295,4111,864,2629,337,1000,2117,4591,21371,13
167,2022,4381,1227,277,4196,896,2815,355,814,2292,4905,22158,13
168,2023,4417,1690,318,4297,950,2901,396,969,2524,4822,23284,13
169,2012,8591,3481,1135,9356,1022,6441,1359,3583,3559,12214,50741,14
170,2013,8891,3794,1155,9521,1225,6487,1335,3647,3595,12144,51794,14
171,2014,9042,4874,1167,9690,1511,6542,1392,3731,3622,12210,53781,14
172,2015,9791,5339,1512,9965,2162,7096,1405,1907,4367,11644,55188,14
173,2016,9827,5419,942,9708,2310,7126,1382,1954,6751,10911,56330,14
174,2017,9808,5279,930,10109,2097,7236,1359,1915,6736,11219,56688,14
175,2018,9793,5138,981,10273,2106,7204,1344,1892,6896,11186,56813,14
176,2019,9927,4845,940,10391,1964,7079,1399,1949,6904,11021,56419,14
177,2020,10110,4848,966,10655,1874,7135,1387,1977,6915,11191,57058,14
178,2021,10339,5166,975,10789,1753,7434,1447,2007,7080,11464,58454,14
179,2022,10902,5471,1014,11306,1719,7788,1474,2126,7286,12073,61159,14
180,2023,11449,7604,1134,11096,1100,8516,1524,2286,7379,12971,65059,14
181,2012,14860,3003,1815,16013,2186,7329,1491,5613,9795,20616,82721,15
182,2013,15637,3198,1929,16947,2465,7761,1544,5850,9932,21285,86548,15
183,2014,16415,3326,2029,17568,2687,8274,1760,6411,10231,22260,90961,15
184,2015,17599,3642,2812,18680,2845,8312,1916,3556,11683,22573,93618,15
185,2016,18119,4488,1984,20607,3490,8429,1893,3853,14844,22438,100145,15
186,2017,17304,3934,1755,19269,3536,8611,2066,3922,14294,20627,95318,15
187,2018,17190,4645,1857,19678,3721,8117,2016,4067,15161,20566,97018,15
188,2019,17689,5136,1897,20585,3146,8303,2083,4278,15243,21315,99675,15
189,2020,18135,5236,1906,21362,3501,8892,2291,4341,15654,21679,102997,15
190,2021,18108,6030,1920,21552,3098,8384,3805,4542,14382,21890,103711,15
191,2022,18535,5925,1914,21483,3472,8621,3928,4677,14328,21509,104392,15
192,2023,18399,8543,2013,21464,3172,8950,4246,4704,14262,21451,107204,15
193,2012,4885,1777,485,3698,1013,3501,470,1493,1310,6014,24646,16
194,2013,5006,1935,584,3778,1245,3564,539,1493,1317,6465,25926,16
195,2014,5086,1826,607,3950,1385,3450,608,1543,1381,6505,26341,16
196,2015,5505,1654,702,4140,1441,3475,643,1200,1639,6933,27332,16
197,2016,5516,1680,607,4138,1413,3498,592,1359,2607,6342,27752,16
198,2017,5594,1723,633,4245,1552,3672,585,1345,2686,6601,28636,16
199,2018,5568,1852,614,4462,1411,3503,520,1303,2672,6519,28424,16
200,2019,5626,1708,568,4504,1393,3345,537,1345,2670,6705,28401,16
201,2020,6033,1785,517,4965,1403,3450,536,1351,2715,6832,29587,16
202,2021,6008,1931,502,4933,1144,3391,606,1343,2657,6601,29116,16
203,2022,6052,1944,532,4956,1156,3549,561,1290,2645,6548,29233,16
204,2023,6160,2739,543,5212,1199,3578,564,1372,2583,6871,30821,16
205,2012,2284,397,249,2582,314,902,269,678,1024,2758,11457,17
206,2013,2492,428,250,2621,459,1176,267,702,1276,2782,12453,17
207,2014,2634,510,265,2709,444,1252,297,778,1263,3000,13152,17
208,2015,2717,500,311,2605,536,1347,293,507,1264,2870,12950,17
209,2016,2699,680,264,2604,647,1332,301,465,1695,2764,13451,17
210,2017,2740,733,249,2482,732,1466,238,471,1624,2816,13551,17
211,2018,2796,690,284,2653,697,1388,267,495,1659,2866,13795,17
212,2019,2814,632,214,2692,702,1348,291,510,1621,2892,13716,17
213,2020,2827,519,194,2647,829,1417,295,534,1700,2983,13945,17
214,2021,2795,538,224,2724,417,1412,290,536,1698,3278,13912,17
215,2022,2865,536,218,2955,553,1172,313,567,1699,3359,14237,17
216,2023,2959,828,242,2990,719,1375,323,638,1793,3700,15567,17
217,2012,1786,479,181,1868,216,766,187,629,575,2228,8915,18
218,2013,1822,549,187,1878,228,776,171,657,587,2240,9095,18
219,2014,1804,570,187,1868,259,793,173,663,588,2181,9086,18
220,2015,1911,594,214,1902,367,891,195,380,706,2526,9686,18
221,2016,1904,622,130,1951,417,971,152,432,1017,2300,9896,18
222,2017,1890,611,144,1905,461,998,148,425,952,2318,9852,18
223,2018,2011,667,168,2008,477,1024,152,429,965,2392,10293,18
224,2019,2090,645,140,1826,551,1062,169,519,978,2396,10376,18
225,2020,2336,739,159,1935,556,1252,225,527,1234,2621,11584,18
226,2021,2519,754,163,2208,443,1288,225,540,1326,2658,12124,18
227,2022,2496,764,154,2337,477,1351,231,457,1305,2730,12302,18
228,2023,2596,1222,185,2452,504,1502,236,510,1389,2788,13384,18
229,2012,4686,1659,719,5516,533,3329,855,2873,2416,7199,29785,19
230,2013,5611,2107,764,6404,742,3821,829,3355,2802,8321,34756,19
231,2014,5837,2265,840,6638,874,3871,877,3347,2965,8495,36009,19
232,2015,6324,2358,1089,6824,856,4000,934,1744,3786,8057,35972,19
233,2016,6260,2706,549,7637,932,4139,847,1801,5395,7617,37883,19
234,2017,6290,2996,584,6983,980,4158,816,1864,5696,7481,37848,19
235,2018,6414,3844,671,7150,1430,4230,829,2028,5914,7692,40202,19
236,2019,6402,4007,641,7015,1377,4036,895,1987,5982,7348,39690,19
237,2020,6505,3852,624,7239,1119,4308,870,1949,5862,7345,39673,19
238,2021,6768,4072,673,7690,1246,4559,944,2081,6066,7629,41728,19
239,2022,6919,4367,673,7939,1345,4418,919,2140,6137,7817,42674,19
240,2023,7181,4388,735,8093,1413,4479,976,2160,6109,8092,43626,19
241,2012,4579,1080,386,4222,403,3108,301,794,1528,5016,21417,20
242,2013,4815,970,431,4333,426,3207,310,811,1735,5021,22059,20
243,2014,4992,1151,383,4757,453,3028,292,856,1749,5215,22876,20
244,2015,5056,1137,415,4824,523,2947,306,683,1871,5070,22832,20
245,2016,5284,1323,355,5183,754,2861,314,822,2262,5072,24230,20
246,2017,5283,1287,376,5068,800,2877,303,814,2182,5198,24188,20
247,2018,5368,1232,411,5193,895,2783,308,871,2160,5322,24543,20
248,2019,5333,1115,339,5550,839,2536,363,895,2091,5264,24325,20
249,2020,5575,1034,357,5775,790,2782,392,911,2069,5649,25334,20
250,2021,5403,1319,345,5654,769,2898,404,961,2100,5357,25210,20
251,2022,5665,1570,403,6000,830,2917,437,986,2206,5412,26426,20
252,2023,5681,1801,386,6034,851,2989,562,980,2172,5034,26490,20
253,2012,5636,2261,627,5216,933,4038,560,1694,2275,7228,30468,21
254,2013,5479,2188,591,5349,990,3951,538,1681,2219,6571,29557,21
255,2014,6445,2604,704,5632,1125,4642,707,1987,2673,8108,34627,21
256,2015,6830,2670,899,5444,1373,5194,748,1350,3196,10134,37838,21
257,2016,6887,2874,714,5727,1456,5504,659,1412,3967,9922,39122,21
258,2017,7133,3010,700,5792,1682,5638,629,1444,4006,9714,39748,21
259,2018,6996,2772,684,5704,1722,5621,627,1415,3984,7342,36867,21
260,2019,7271,2877,606,5889,1523,5555,692,1478,3965,7676,37532,21
261,2020,6849,2807,561,5686,1710,5322,712,1335,3846,7695,36523,21
262,2021,7166,3157,583,5645,1653,5294,628,1419,3637,8290,37472,21
263,2022,7185,3722,604,5648,1665,5341,603,1505,3821,8096,38190,21
264,2023,7830,4861,652,6468,1761,5561,697,1683,4196,8668,42377,21
265,2012,2081,823,232,2076,107,1308,182,853,738,2441,10841,22
266,2013,2144,848,232,2093,115,1378,187,843,772,2498,11110,22
267,2014,2192,782,235,2024,155,1499,218,858,791,2551,11305,22
268,2015,2308,811,271,1956,218,1675,219,440,942,2443,11283,22
269,2016,2360,826,181,2173,213,1638,225,458,1446,2306,11826,22
270,2017,2493,887,206,2241,251,1619,226,441,1443,2378,12185,22
271,2018,2523,910,215,2213,240,1698,219,453,1512,2422,12405,22
272,2019,2944,1004,212,2637,241,1930,249,613,1823,2565,14218,22
273,2020,2970,1061,223,2684,221,1940,242,576,1861,2651,14429,22
274,2021,3082,1420,222,3038,190,1919,269,561,2053,2552,15306,22
275,2022,3052,1412,251,2928,148,1979,318,538,1964,3045,15635,22
276,2023,3094,2083,236,2927,159,1991,321,595,1867,3228,16501,22
277,2012,1918,156,254,2013,58,1064,162,699,664,2732,9720,23
278,2013,1902,183,231,1905,67,1053,169,670,675,2636,9491,23
279,2014,1994,274,247,1966,144,1101,174,671,720,2695,9986,23
280,2015,2056,289,355,2036,188,1168,178,382,878,2694,10224,23
281,2016,2085,441,210,2082,304,1186,175,388,1268,2579,10718,23
282,2017,2164,458,217,2109,385,1180,213,454,1213,2654,11047,23
283,2018,2219,343,254,2391,408,1159,231,454,1278,2703,11440,23
284,2019,2341,332,239,2575,353,1192,243,507,1491,2751,12024,23
285,2020,2464,197,222,2747,213,1322,223,512,1395,2958,12253,23
286,2021,2453,244,228,2806,252,1401,270,532,1406,3012,12604,23
287,2022,2350,436,263,2590,544,1311,320,537,1504,2982,12837,23
288,2023,2402,352,291,2638,326,1313,327,520,1490,2959,12618,23
289,2012,2760,1302,276,3127,232,2013,281,1109,1393,3476,15969,24
290,2013,2834,1312,272,3118,254,2001,279,1106,1400,3437,16013,24
291,2014,2880,1348,267,3204,239,1933,274,1145,1390,3392,16072,24
292,2015,3023,1350,564,3319,237,1898,303,725,1640,3127,16186,24
293,2016,3210,1429,206,3437,585,2376,240,1130,1899,3222,17734,24
294,2017,3209,1448,222,3345,549,2430,231,1168,1918,3334,17854,24
295,2018,3239,1359,235,3538,725,2308,252,1129,2179,3466,18430,24
296,2019,3185,1215,194,3427,653,2203,245,1070,2118,3201,17511,24
297,2020,3190,1361,283,3270,611,2625,340,948,2137,3554,18319,24
298,2021,3228,1434,292,3303,512,2598,358,943,2163,3619,18450,24
299,2022,3117,1354,275,3336,725,2315,356,902,2200,3587,18167,24
300,2023,2968,1805,266,2994,619,2209,317,729,2081,3014,17002,24
301,2012,3965,727,387,3607,205,2404,407,1620,1332,4441,19095,25
302,2013,4065,704,367,3665,222,2471,415,1647,1375,4576,19507,25
303,2014,4411,1006,410,4198,381,2601,603,1820,1444,5156,22030,25
304,2015,4570,1003,532,4334,353,2602,570,1133,1798,4908,21803,25
305,2016,4676,1377,312,4360,572,2734,521,1162,2580,4675,22969,25
306,2017,4852,1623,339,4703,623,2774,468,1171,2678,4945,24176,25
307,2018,4751,1640,428,4669,907,2689,471,1183,2933,4947,24618,25
308,2019,4691,1719,369,4240,863,2640,532,1231,2889,4705,23879,25
309,2020,4938,1548,603,5066,549,2696,535,1185,3013,5356,25489,25
310,2021,4988,1807,612,5229,749,2585,556,1330,2959,5215,26030,25
311,2022,5153,2305,511,5835,869,2191,592,1423,3139,5586,27604,25
312,2023,5380,3258,466,6076,900,2225,613,1862,3173,5718,29671,25
313,2012,3330,1243,429,4116,316,2074,515,1636,1413,5840,20912,26
314,2013,3614,1264,469,4559,321,2220,535,1764,1576,6290,22612,26
315,2014,4184,1153,593,5076,453,2490,547,1929,1478,6965,24868,26
316,2015,4729,1242,885,5235,568,2287,607,1131,1838,6727,25249,26
317,2016,4514,1379,523,5350,650,2498,574,1211,2796,6403,25898,26
318,2017,4816,1664,479,5488,579,2437,786,1397,2965,6398,27009,26
319,2018,4759,1527,551,5690,510,2351,872,1361,3316,6574,27511,26
320,2019,4981,1637,472,5879,443,2401,958,1469,3397,6763,28400,26
321,2020,4412,1721,455,5697,450,2304,703,1308,3321,6113,26484,26
322,2021,4804,2249,502,5880,376,2354,850,1462,3401,6096,27974,26
323,2022,5430,2072,534,6160,465,2470,900,1607,3547,6382,29567,26
324,2023,5603,3362,611,6910,481,2541,928,1816,3772,6850,32874,26
325,2012,3685,557,407,3408,86,1754,298,843,1965,4855,17858,27
326,2013,3614,674,395,3472,180,1772,313,869,2158,4952,18399,27
327,2014,3993,734,428,3575,208,1925,326,927,1961,5679,19756,27
328,2015,4094,915,478,3435,236,2113,328,782,2068,5804,20253,27
329,2016,4144,968,400,3519,334,2121,329,820,2253,5804,20692,27
330,2017,4168,1146,426,3350,351,2342,315,816,2367,5625,20906,27
331,2018,4162,1140,392,3325,479,2212,311,826,2155,5910,20912,27
332,2019,4639,1389,408,3856,579,2031,316,1145,2174,6061,22598,27
333,2020,4697,1245,422,4273,486,2197,302,1221,2330,5983,23156,27
334,2021,4886,1597,447,4352,588,2207,354,1414,2614,5426,23885,27
335,2022,5227,1800,435,4727,834,2454,415,1504,2747,5791,25934,27
336,2023,5186,1859,461,4882,909,2465,504,1590,2733,5641,26230,27
337,2012,4667,1281,581,5461,703,2618,578,1976,1977,7799,27641,28
338,2013,4820,1394,558,5490,850,2820,580,1992,2037,7844,28385,28
339,2014,5015,1421,519,5383,992,3162,589,2053,2107,8206,29447,28
340,2015,5380,1692,704,5493,1091,3232,640,1255,2509,8307,30303,28
341,2016,5484,1546,480,5494,1202,3359,616,1294,3512,8210,31197,28
342,2017,5397,1837,486,5934,1266,3265,603,1358,3393,8489,32028,28
343,2018,5456,1697,569,5718,1362,3221,596,1391,3489,8454,31953,28
344,2019,5378,1745,482,5730,1272,3273,670,1404,3607,8481,32042,28
345,2020,5471,1658,501,6071,1230,3303,712,1409,3704,8948,33007,28
346,2021,5517,1834,544,5989,961,3209,1587,1690,3845,8643,33819,28
347,2022,5464,2041,529,6204,1300,3274,672,1412,3849,8490,33235,28
348,2023,5562,3150,554,6430,1251,3400,857,1727,3866,8411,35208,28
349,2012,1824,335,138,1539,207,1048,142,679,534,2152,8598,29
350,2013,1838,331,190,1905,236,701,183,670,533,2154,8741,29
351,2014,1876,360,170,1645,273,988,193,714,508,2107,8834,29
352,2015,1929,365,187,1640,277,996,195,539,534,2123,8785,29
353,2016,1954,382,142,1679,285,1001,201,562,805,2096,9107,29
354,2017,1970,377,146,1740,292,1018,189,549,769,2135,9185,29
355,2018,1962,384,158,1741,298,1017,187,551,797,2147,9242,29
356,2019,1906,391,134,1667,282,978,179,543,780,2075,8935,29
357,2020,1987,403,147,1702,300,1060,185,585,773,2152,9294,29
358,2021,2007,461,146,1696,279,1060,187,575,794,2165,9370,29
359,2022,2111,483,95,1760,314,1379,140,734,746,2327,10089,29
360,2023,1928,628,101,1610,298,1231,130,651,720,2097,9394,29
361,2012,9333,1697,935,7544,570,7043,660,2699,3371,11635,45487,30
362,2013,9495,1740,961,7581,594,7285,683,2763,3449,11438,45989,30
363,2014,9721,1867,986,7505,612,8065,749,2864,3910,12041,48320,30
364,2015,10689,2107,1251,7865,623,8431,936,1952,4869,12901,51624,30
365,2016,10435,2491,858,7962,1082,8607,827,2005,6139,12102,52508,30
366,2017,10506,2570,880,7422,1131,8944,782,1939,6311,11968,52453,30
367,2018,10427,2539,860,7036,1115,8900,844,1887,6412,12489,52509,30
368,2019,10600,2462,773,7134,1178,8992,844,2234,6330,12329,52876,30
369,2020,10983,2239,792,7941,863,9457,832,2258,8105,12916,56386,30
370,2021,10882,2757,878,7834,946,9304,902,2477,7331,12214,55525,30
371,2022,10789,3206,820,8565,1089,9387,887,2375,7334,12690,57142,30
372,2023,11107,3629,898,9235,1092,9460,912,2459,7397,12851,59040,30
373,2012,2547,1081,339,2572,249,2137,380,1066,956,3756,15083,31
374,2013,2630,1150,339,2598,282,2150,386,1083,966,3761,15345,31
375,2014,2782,1186,392,2789,327,2142,401,1173,1082,3892,16166,31
376,2015,3213,1237,604,3471,381,2601,449,914,1742,4273,18885,31
377,2016,3384,1334,298,3503,661,2571,393,940,2114,3978,19176,31
378,2017,3431,1445,352,3326,602,2692,347,951,2089,4139,19374,31
379,2018,3508,1461,415,3581,723,2591,368,948,2215,4432,20242,31
380,2019,3752,1459,350,3559,949,2245,439,992,2274,4425,20444,31
381,2020,3931,1604,358,3991,719,2632,446,1102,2263,4433,21479,31
382,2021,3896,1824,372,3756,669,2614,591,1179,2272,4493,21666,31
383,2022,3950,1605,371,3801,665,2579,596,1175,2362,4532,21636,31
384,2023,4024,2045,395,4084,706,2484,562,1139,2403,4525,22367,31
385,2012,1916,643,181,1839,295,1338,142,579,580,2311,9824,32
386,2013,2052,592,162,1925,373,1402,157,639,595,2432,10329,32
387,2014,2150,663,176,2166,458,1579,158,684,656,2621,11311,32
388,2015,2231,760,257,2033,455,1769,157,514,777,2538,11491,32
389,2016,2267,744,173,2104,419,1782,160,566,991,2459,11665,32
390,2017,2352,711,195,1972,474,2005,157,578,1013,2553,12010,32
391,2018,2401,766,196,2140,511,2141,177,591,1027,2574,12524,32
392,2019,2464,687,171,2172,488,2102,197,636,1042,2579,12538,32
393,2020,2469,690,179,2216,471,2219,202,626,1133,2600,12805,32
394,2021,2516,795,196,2350,372,2198,218,637,1226,2679,13187,32
395,2022,2555,799,203,2378,331,2125,217,678,1188,2822,13296,32
396,2023,2627,1086,211,2488,346,2163,220,635,1211,2911,13898,32
