,Año,"Medicos generales, especialistas y odontologos",Personal medico en formacion,Medicos en otras labores,Enfermeras generales y especialistas,Pasantes de enfermeria,Auxiliares de enfermeria,Personal de enfermeria en otras labores,Personal profesional,Personal tecnico,Otro personal,TOTAL
0,"
									Año
								","
									Médicos generales, especialistas y Odontólogos
								","
									Personal médico en formación
								","
									Médicos en otras labores
								","
									Enfermeras generales y especialistas
								","
									Pasantes de enfermería
								","
									Auxiliares de enfermería
								","
									Personal de enfermería en otras labores
								","
									Personal profesional
								","
									Personal técnico
								","
									Otro personal
								","
									TOTAL
								"
1,"
2012
","
146,322
","
40,172
","
17,201
","
154,269
","
14,728
","
90,825
","
17,116
","
57,394
","
65,999
","
202,756
","
806,782
"
2,"
2013
","
152,423
","
42,294
","
17,668
","
160,539
","
16,973
","
93,128
","
17,167
","
59,194
","
68,828
","
206,070
","
834,284
"
3,"
2014
","
159,364
","
45,417
","
18,142
","
166,266
","
19,091
","
97,048
","
18,606
","
62,075
","
70,694
","
216,192
","
872,895
"
4,"
2015
","
170,129
","
47,873
","
23,744
","
172,049
","
21,874
","
100,726
","
20,120
","
39,288
","
83,755
","
218,320
","
897,878
"
5,"
2016
","
171,930
","
52,953
","
15,556
","
180,633
","
26,093
","
102,915
","
18,897
","
41,627
","
112,090
","
211,422
","
934,116
"
6,"
2017
","
173,374
","
55,660
","
15,884
","
179,167
","
28,124
","
105,578
","
24,360
","
42,027
","
112,520
","
212,920
","
949,614
"
7,"
2018
","
174,536
","
56,690
","
17,261
","
181,386
","
29,857
","
104,853
","
18,820
","
42,755
","
115,693
","
214,391
","
956,242
"
8,"
2019
","
176,706
","
58,400
","
15,691
","
183,875
","
28,585
","
103,092
","
19,900
","
45,170
","
117,034
","
215,248
","
963,701
"
9,"
2020
","
180,423
","
57,362
","
16,290
","
191,731
","
26,017
","
108,073
","
20,156
","
45,527
","
120,989
","
220,422
","
986,990
"
10,"
2021
","
183,923
","
63,710
","
17,139
","
196,423
","
24,395
","
108,521
","
23,387
","
47,779
","
121,373
","
219,675
","
1,006,325
"
11,"
2022
","
186,851
","
67,945
","
17,113
","
201,624
","
28,083
","
108,875
","
23,418
","
48,752
","
123,791
","
223,389
","
1,029,841
"
12,"
2023
","
191,757
","
88,347
","
18,046
","
206,888
","
26,213
","
111,042
","
24,679
","
51,024
","
122,389
","
226,308
","
1,066,693
"
13,"
									Año
								","
									Médicos generales, especialistas y Odontólogos
								","
									Personal médico en formación
								","
									Médicos en otras labores
								","
									Enfermeras generales y especialistas
								","
									Pasantes de enfermería
								","
									Auxiliares de enfermería
								","
									Personal de enfermería en otras labores
								","
									Personal profesional
								","
									Personal técnico
								","
									Otro personal
								","
									TOTAL
								"
14,"
2012
","
1,903
","
402
","
238
","
1,875
","
398
","
1,139
","
223
","
842
","
829
","
2,428
","
10,277
"
15,"
2013
","
1,937
","
447
","
237
","
1,870
","
465
","
1,159
","
230
","
828
","
845
","
2,412
","
10,430
"
16,"
2014
","
1,988
","
476
","
243
","
1,883
","
460
","
1,153
","
249
","
812
","
851
","
2,505
","
10,620
"
17,"
2015
","
2,069
","
487
","
336
","
1,917
","
519
","
1,265
","
244
","
477
","
962
","
2,432
","
10,708
"
18,"
2016
","
2,082
","
633
","
195
","
2,048
","
454
","
1,146
","
244
","
504
","
1,454
","
2,619
","
11,379
"
19,"
2017
","
2,318
","
693
","
211
","
2,237
","
458
","
1,240
","
247
","
487
","
1,516
","
2,789
","
12,196
"
20,"
2018
","
2,311
","
601
","
222
","
2,438
","
384
","
1,378
","
254
","
461
","
1,697
","
2,872
","
12,618
"
21,"
2019
","
2,354
","
737
","
204
","
2,690
","
558
","
1,214
","
266
","
591
","
1,644
","
3,055
","
13,313
"
22,"
2020
","
2,442
","
670
","
212
","
2,701
","
446
","
1,443
","
261
","
617
","
1,703
","
3,030
","
13,525
"
23,"
2021
","
2,479
","
763
","
236
","
2,695
","
388
","
1,477
","
273
","
615
","
1,722
","
3,085
","
13,733
"
24,"
2022
","
2,532
","
805
","
220
","
2,807
","
382
","
1,359
","
299
","
642
","
1,714
","
3,074
","
13,834
"
25,"
2023
","
2,651
","
1,010
","
231
","
2,947
","
382
","
1,450
","
288
","
672
","
1,682
","
3,114
","
14,427
"
26,"
									Año
								","
									Médicos generales, especialistas y Odontólogos
								","
									Personal médico en formación
								","
									Médicos en otras labores
								","
									Enfermeras generales y especialistas
								","
									Pasantes de enfermería
								","
									Auxiliares de enfermería
								","
									Personal de enfermería en otras labores
								","
									Personal profesional
								","
									Personal técnico
								","
									Otro personal
								","
									TOTAL
								"
27,"
2012
","
3,758
","
986
","
508
","
4,199
","
288
","
2,209
","
506
","
1,443
","
1,358
","
5,238
","
20,493
"
28,"
2013
","
3,781
","
1,057
","
515
","
4,175
","
287
","
2,212
","
497
","
1,428
","
1,350
","
5,100
","
20,402
"
29,"
2014
","
3,795
","
1,148
","
517
","
4,147
","
397
","
2,312
","
502
","
1,416
","
1,415
","
5,274
","
20,923
"
30,"
2015
","
4,156
","
1,240
","
751
","
4,326
","
448
","
2,351
","
555
","
642
","
1,841
","
5,316
","
21,626
"
31,"
2016
","
4,103
","
1,466
","
419
","
4,262
","
498
","
2,367
","
559
","
704
","
2,731
","
5,060
","
22,169
"
32,"
2017
","
4,090
","
1,574
","
442
","
4,299
","
650
","
2,442
","
523
","
701
","
2,720
","
4,983
","
22,424
"
33,"
2018
","
3,923
","
1,575
","
446
","
4,241
","
614
","
2,328
","
508
","
623
","
2,721
","
4,753
","
21,732
"
34,"
2019
","
4,090
","
1,651
","
448
","
4,490
","
633
","
2,263
","
517
","
700
","
2,793
","
4,970
","
22,555
"
35,"
2020
","
4,187
","
1,797
","
462
","
4,692
","
570
","
2,409
","
530
","
743
","
2,888
","
5,051
","
23,329
"
36,"
2021
","
4,241
","
1,763
","
477
","
4,531
","
388
","
2,659
","
553
","
760
","
2,860
","
4,990
","
23,222
"
37,"
2022
","
4,369
","
1,489
","
448
","
4,581
","
468
","
2,651
","
552
","
773
","
2,873
","
5,057
","
23,261
"
38,"
2023
","
4,452
","
2,716
","
434
","
4,968
","
450
","
2,574
","
646
","
848
","
2,832
","
5,281
","
25,201
"
39,"
									Año
								","
									Médicos generales, especialistas y Odontólogos
								","
									Personal médico en formación
								","
									Médicos en otras labores
								","
									Enfermeras generales y especialistas
								","
									Pasantes de enfermería
								","
									Auxiliares de enfermería
								","
									Personal de enfermería en otras labores
								","
									Personal profesional
								","
									Personal técnico
								","
									Otro personal
								","
									TOTAL
								"
40,"
2012
","
1,326
","
187
","
145
","
848
","
66
","
1,097
","
111
","
459
","
487
","
1,910
","
6,636
"
41,"
2013
","
1,347
","
198
","
155
","
909
","
62
","
1,060
","
105
","
443
","
505
","
1,888
","
6,672
"
42,"
2014
","
1,404
","
211
","
133
","
1,247
","
84
","
771
","
78
","
512
","
476
","
1,997
","
6,913
"
43,"
2015
","
1,507
","
197
","
243
","
1,397
","
86
","
725
","
98
","
317
","
658
","
1,905
","
7,133
"
44,"
2016
","
1,528
","
289
","
143
","
1,382
","
111
","
925
","
85
","
290
","
897
","
2,000
","
7,650
"
45,"
2017
","
1,523
","
286
","
136
","
1,348
","
136
","
872
","
105
","
294
","
901
","
1,951
","
7,552
"
46,"
2018
","
1,544
","
303
","
151
","
1,382
","
135
","
849
","
110
","
295
","
956
","
1,911
","
7,636
"
47,"
2019
","
1,605
","
347
","
133
","
1,383
","
126
","
886
","
136
","
298
","
1,042
","
1,978
","
7,934
"
48,"
2020
","
1,703
","
253
","
138
","
1,494
","
76
","
970
","
128
","
304
","
1,075
","
2,009
","
8,150
"
49,"
2021
","
1,668
","
341
","
165
","
1,478
","
72
","
921
","
148
","
309
","
1,066
","
1,930
","
8,098
"
50,"
2022
","
1,600
","
413
","
153
","
1,450
","
99
","
896
","
149
","
343
","
1,039
","
1,960
","
8,102
"
51,"
2023
","
1,757
","
430
","
149
","
1,589
","
113
","
891
","
157
","
372
","
1,080
","
2,112
","
8,650
"
52,"
									Año
								","
									Médicos generales, especialistas y Odontólogos
								","
									Personal médico en formación
								","
									Médicos en otras labores
								","
									Enfermeras generales y especialistas
								","
									Pasantes de enfermería
								","
									Auxiliares de enfermería
								","
									Personal de enfermería en otras labores
								","
									Personal profesional
								","
									Personal técnico
								","
									Otro personal
								","
									TOTAL
								"
53,"
2012
","
1,523
","
329
","
165
","
1,383
","
118
","
938
","
122
","
511
","
426
","
1,493
","
7,008
"
54,"
2013
","
1,588
","
307
","
176
","
1,434
","
92
","
1,019
","
122
","
515
","
452
","
1,561
","
7,266
"
55,"
2014
","
1,601
","
311
","
181
","
1,406
","
87
","
1,038
","
126
","
537
","
493
","
1,690
","
7,470
"
56,"
2015
","
1,531
","
352
","
226
","
1,501
","
82
","
1,071
","
126
","
397
","
562
","
2,026
","
7,874
"
57,"
2016
","
1,618
","
372
","
159
","
1,534
","
148
","
993
","
139
","
442
","
787
","
2,089
","
8,281
"
58,"
2017
","
1,582
","
404
","
147
","
1,608
","
139
","
996
","
136
","
442
","
773
","
2,075
","
8,302
"
59,"
2018
","
1,931
","
391
","
177
","
1,638
","
145
","
1,018
","
128
","
526
","
796
","
2,048
","
8,798
"
60,"
2019
","
1,879
","
374
","
217
","
1,636
","
147
","
1,022
","
199
","
508
","
729
","
2,075
","
8,786
"
61,"
2020
","
1,900
","
375
","
217
","
1,730
","
130
","
1,107
","
179
","
525
","
791
","
2,142
","
9,096
"
62,"
2021
","
1,738
","
457
","
306
","
1,647
","
121
","
1,196
","
195
","
566
","
843
","
2,052
","
9,121
"
63,"
2022
","
1,791
","
468
","
197
","
1,962
","
158
","
1,019
","
293
","
602
","
929
","
2,119
","
9,538
"
64,"
2023
","
1,904
","
673
","
185
","
1,949
","
152
","
1,037
","
280
","
607
","
851
","
2,024
","
9,662
"
65,"
									Año
								","
									Médicos generales, especialistas y Odontólogos
								","
									Personal médico en formación
								","
									Médicos en otras labores
								","
									Enfermeras generales y especialistas
								","
									Pasantes de enfermería
								","
									Auxiliares de enfermería
								","
									Personal de enfermería en otras labores
								","
									Personal profesional
								","
									Personal técnico
								","
									Otro personal
								","
									TOTAL
								"
66,"
2012
","
4,835
","
731
","
354
","
4,369
","
623
","
3,469
","
520
","
1,313
","
1,883
","
5,167
","
23,264
"
67,"
2013
","
5,486
","
791
","
375
","
5,542
","
705
","
3,636
","
359
","
1,639
","
2,399
","
5,885
","
26,817
"
68,"
2014
","
5,672
","
830
","
379
","
5,871
","
812
","
3,673
","
378
","
1,656
","
2,426
","
6,178
","
27,875
"
69,"
2015
","
5,901
","
892
","
489
","
5,978
","
1,119
","
3,552
","
400
","
1,502
","
2,603
","
6,181
","
28,617
"
70,"
2016
","
6,349
","
1,104
","
387
","
7,150
","
1,408
","
3,733
","
397
","
1,683
","
3,112
","
6,730
","
32,053
"
71,"
2017
","
6,705
","
1,235
","
418
","
7,546
","
1,777
","
3,770
","
394
","
1,741
","
3,178
","
6,932
","
33,696
"
72,"
2018
","
6,418
","
1,421
","
443
","
7,075
","
2,166
","
3,629
","
415
","
1,641
","
3,015
","
7,030
","
33,253
"
73,"
2019
","
5,969
","
1,443
","
410
","
7,166
","
2,352
","
3,543
","
438
","
1,773
","
2,938
","
6,325
","
32,357
"
74,"
2020
","
6,473
","
1,246
","
471
","
7,648
","
1,785
","
3,705
","
494
","
1,785
","
3,167
","
7,048
","
33,822
"
75,"
2021
","
6,566
","
1,380
","
502
","
7,780
","
1,985
","
3,784
","
527
","
1,790
","
3,094
","
7,280
","
34,688
"
76,"
2022
","
6,717
","
1,608
","
496
","
8,147
","
2,782
","
4,035
","
572
","
1,865
","
3,393
","
7,161
","
36,776
"
77,"
2023
","
6,790
","
1,709
","
511
","
8,233
","
1,576
","
3,884
","
555
","
1,920
","
3,163
","
7,282
","
35,623
"
78,"
									Año
								","
									Médicos generales, especialistas y Odontólogos
								","
									Personal médico en formación
								","
									Médicos en otras labores
								","
									Enfermeras generales y especialistas
								","
									Pasantes de enfermería
								","
									Auxiliares de enfermería
								","
									Personal de enfermería en otras labores
								","
									Personal profesional
								","
									Personal técnico
								","
									Otro personal
								","
									TOTAL
								"
79,"
2012
","
4,007
","
881
","
504
","
4,306
","
673
","
3,399
","
660
","
2,126
","
1,704
","
6,366
","
24,626
"
80,"
2013
","
4,136
","
803
","
505
","
4,521
","
790
","
3,437
","
630
","
2,143
","
1,752
","
6,453
","
25,170
"
81,"
2014
","
4,203
","
868
","
502
","
4,767
","
975
","
3,467
","
633
","
2,198
","
1,816
","
6,523
","
25,952
"
82,"
2015
","
4,729
","
938
","
811
","
5,137
","
1,033
","
3,625
","
690
","
1,173
","
2,431
","
6,444
","
27,011
"
83,"
2016
","
4,658
","
1,349
","
387
","
5,525
","
976
","
3,697
","
619
","
1,172
","
3,439
","
6,421
","
28,243
"
84,"
2017
","
4,617
","
1,327
","
434
","
5,575
","
1,034
","
3,776
","
668
","
1,212
","
3,424
","
6,428
","
28,495
"
85,"
2018
","
5,140
","
1,335
","
515
","
5,686
","
1,107
","
3,783
","
656
","
1,253
","
3,630
","
6,706
","
29,811
"
86,"
2019
","
4,897
","
1,521
","
431
","
5,714
","
1,012
","
3,720
","
640
","
1,195
","
3,836
","
6,425
","
29,391
"
87,"
2020
","
4,992
","
1,367
","
435
","
6,046
","
900
","
3,701
","
631
","
1,362
","
3,810
","
6,779
","
30,023
"
88,"
2021
","
5,662
","
1,524
","
512
","
6,518
","
913
","
3,594
","
635
","
1,331
","
3,912
","
7,022
","
31,623
"
89,"
2022
","
5,430
","
1,781
","
503
","
6,719
","
944
","
3,462
","
689
","
1,355
","
3,876
","
7,240
","
31,999
"
90,"
2023
","
5,672
","
2,001
","
576
","
6,773
","
921
","
3,498
","
729
","
1,394
","
3,751
","
7,735
","
33,050
"
91,"
									Año
								","
									Médicos generales, especialistas y Odontólogos
								","
									Personal médico en formación
								","
									Médicos en otras labores
								","
									Enfermeras generales y especialistas
								","
									Pasantes de enfermería
								","
									Auxiliares de enfermería
								","
									Personal de enfermería en otras labores
								","
									Personal profesional
								","
									Personal técnico
								","
									Otro personal
								","
									TOTAL
								"
92,"
2012
","
23,197
","
7,707
","
3,189
","
30,673
","
483
","
12,168
","
3,521
","
12,299
","
13,711
","
42,506
","
149,454
"
93,"
2013
","
24,213
","
8,184
","
3,223
","
31,209
","
564
","
12,147
","
3,506
","
12,294
","
14,016
","
41,778
","
151,134
"
94,"
2014
","
24,897
","
8,211
","
3,083
","
31,771
","
326
","
12,233
","
3,849
","
12,993
","
13,809
","
43,856
","
155,028
"
95,"
2015
","
26,179
","
8,599
","
3,854
","
32,666
","
366
","
12,574
","
4,243
","
8,837
","
16,018
","
43,150
","
156,486
"
96,"
2016
","
26,173
","
9,022
","
2,571
","
34,594
","
455
","
12,471
","
3,866
","
8,939
","
20,694
","
40,347
","
159,132
"
97,"
2017
","
25,971
","
9,904
","
2,658
","
33,506
","
601
","
12,390
","
9,085
","
8,986
","
20,901
","
40,989
","
164,991
"
98,"
2018
","
25,896
","
9,681
","
3,005
","
33,539
","
884
","
12,139
","
3,526
","
9,255
","
21,086
","
42,019
","
161,030
"
99,"
2019
","
25,572
","
10,583
","
2,555
","
32,994
","
514
","
11,802
","
3,715
","
9,569
","
21,354
","
42,926
","
161,584
"
100,"
2020
","
25,573
","
10,692
","
2,717
","
33,161
","
530
","
11,985
","
3,706
","
9,568
","
21,458
","
42,611
","
162,001
"
101,"
2021
","
26,578
","
10,646
","
2,808
","
34,908
","
419
","
12,181
","
3,637
","
9,596
","
22,429
","
41,755
","
164,957
"
102,"
2022
","
26,816
","
11,901
","
2,998
","
35,350
","
825
","
12,487
","
3,835
","
10,048
","
23,568
","
42,584
","
170,412
"
103,"
2023
","
28,207
","
14,610
","
3,175
","
35,917
","
1,022
","
12,934
","
4,054
","
10,381
","
21,854
","
42,435
","
174,589
"
104,"
									Año
								","
									Médicos generales, especialistas y Odontólogos
								","
									Personal médico en formación
								","
									Médicos en otras labores
								","
									Enfermeras generales y especialistas
								","
									Pasantes de enfermería
								","
									Auxiliares de enfermería
								","
									Personal de enfermería en otras labores
								","
									Personal profesional
								","
									Personal técnico
								","
									Otro personal
								","
									TOTAL
								"
105,"
2012
","
3,778
","
741
","
483
","
4,043
","
454
","
2,160
","
513
","
1,920
","
1,311
","
4,918
","
20,321
"
106,"
2013
","
4,133
","
831
","
525
","
4,675
","
598
","
2,313
","
564
","
1,978
","
1,438
","
5,739
","
22,794
"
107,"
2014
","
4,119
","
861
","
522
","
4,657
","
751
","
2,394
","
552
","
1,971
","
1,433
","
5,673
","
22,933
"
108,"
2015
","
4,487
","
955
","
696
","
4,597
","
742
","
2,551
","
656
","
845
","
2,059
","
5,627
","
23,215
"
109,"
2016
","
4,286
","
1,185
","
423
","
4,842
","
984
","
2,577
","
619
","
849
","
2,978
","
5,426
","
24,169
"
110,"
2017
","
4,409
","
1,223
","
461
","
4,942
","
992
","
2,746
","
650
","
816
","
3,298
","
5,563
","
25,100
"
111,"
2018
","
4,438
","
1,356
","
494
","
4,990
","
1,021
","
2,785
","
621
","
893
","
3,405
","
5,339
","
25,342
"
112,"
2019
","
4,599
","
1,454
","
426
","
5,032
","
965
","
2,818
","
633
","
971
","
3,448
","
5,639
","
25,985
"
113,"
2020
","
4,800
","
1,194
","
451
","
5,442
","
799
","
2,997
","
686
","
1,006
","
3,688
","
5,998
","
27,061
"
114,"
2021
","
4,895
","
1,318
","
471
","
5,390
","
908
","
3,282
","
684
","
1,023
","
3,827
","
6,047
","
27,845
"
115,"
2022
","
4,872
","
1,466
","
437
","
5,218
","
944
","
3,159
","
661
","
1,085
","
3,826
","
5,836
","
27,504
"
116,"
2023
","
4,912
","
1,604
","
441
","
5,309
","
890
","
3,307
","
714
","
1,022
","
3,795
","
5,876
","
27,870
"
117,"
									Año
								","
									Médicos generales, especialistas y Odontólogos
								","
									Personal médico en formación
								","
									Médicos en otras labores
								","
									Enfermeras generales y especialistas
								","
									Pasantes de enfermería
								","
									Auxiliares de enfermería
								","
									Personal de enfermería en otras labores
								","
									Personal profesional
								","
									Personal técnico
								","
									Otro personal
								","
									TOTAL
								"
118,"
2012
","
1,163
","
310
","
154
","
1,278
","
128
","
539
","
173
","
413
","
354
","
1,435
","
5,947
"
119,"
2013
","
1,234
","
294
","
159
","
1,291
","
132
","
537
","
181
","
451
","
386
","
1,488
","
6,153
"
120,"
2014
","
1,236
","
299
","
181
","
1,264
","
159
","
571
","
199
","
461
","
388
","
1,580
","
6,338
"
121,"
2015
","
1,359
","
307
","
196
","
1,331
","
176
","
597
","
213
","
272
","
498
","
1,540
","
6,489
"
122,"
2016
","
1,386
","
408
","
150
","
1,293
","
239
","
627
","
189
","
284
","
754
","
1,495
","
6,825
"
123,"
2017
","
1,411
","
441
","
159
","
1,454
","
279
","
780
","
214
","
289
","
875
","
1,597
","
7,499
"
124,"
2018
","
1,440
","
502
","
171
","
1,400
","
288
","
822
","
191
","
295
","
837
","
1,570
","
7,516
"
125,"
2019
","
1,459
","
525
","
147
","
1,428
","
292
","
816
","
176
","
312
","
855
","
1,586
","
7,596
"
126,"
2020
","
1,573
","
446
","
153
","
1,527
","
173
","
1,030
","
195
","
320
","
882
","
1,620
","
7,919
"
127,"
2021
","
1,505
","
491
","
167
","
1,551
","
185
","
896
","
211
","
335
","
882
","
1,656
","
7,879
"
128,"
2022
","
1,493
","
576
","
157
","
1,575
","
198
","
855
","
210
","
332
","
854
","
1,654
","
7,904
"
129,"
2023
","
1,543
","
589
","
149
","
1,605
","
204
","
874
","
213
","
369
","
876
","
1,733
","
8,155
"
130,"
									Año
								","
									Médicos generales, especialistas y Odontólogos
								","
									Personal médico en formación
								","
									Médicos en otras labores
								","
									Enfermeras generales y especialistas
								","
									Pasantes de enfermería
								","
									Auxiliares de enfermería
								","
									Personal de enfermería en otras labores
								","
									Personal profesional
								","
									Personal técnico
								","
									Otro personal
								","
									TOTAL
								"
131,"
2012
","
2,472
","
731
","
233
","
2,367
","
105
","
1,591
","
230
","
900
","
833
","
2,944
","
12,406
"
132,"
2013
","
2,446
","
738
","
239
","
2,428
","
108
","
1,582
","
251
","
1,078
","
851
","
2,786
","
12,507
"
133,"
2014
","
2,479
","
862
","
298
","
2,513
","
201
","
1,508
","
280
","
965
","
877
","
3,062
","
13,045
"
134,"
2015
","
2,694
","
810
","
322
","
2,662
","
170
","
1,557
","
256
","
705
","
1,057
","
3,080
","
13,313
"
135,"
2016
","
2,703
","
909
","
222
","
2,693
","
189
","
1,558
","
227
","
744
","
1,523
","
2,892
","
13,660
"
136,"
2017
","
2,692
","
935
","
231
","
2,867
","
292
","
1,515
","
216
","
703
","
1,501
","
2,926
","
13,878
"
137,"
2018
","
2,728
","
1,003
","
271
","
2,900
","
236
","
1,532
","
215
","
679
","
1,526
","
3,164
","
14,254
"
138,"
2019
","
2,751
","
966
","
214
","
2,841
","
223
","
1,368
","
249
","
708
","
1,532
","
3,094
","
13,946
"
139,"
2020
","
2,771
","
996
","
187
","
2,952
","
246
","
1,393
","
253
","
724
","
1,586
","
3,072
","
14,180
"
140,"
2021
","
2,888
","
1,250
","
210
","
3,214
","
120
","
1,398
","
274
","
781
","
1,683
","
3,199
","
15,017
"
141,"
2022
","
2,944
","
1,113
","
228
","
3,370
","
125
","
1,377
","
287
","
764
","
1,688
","
3,228
","
15,124
"
142,"
2023
","
3,206
","
1,652
","
257
","
3,463
","
159
","
1,520
","
296
","
814
","
1,740
","
3,385
","
16,492
"
143,"
									Año
								","
									Médicos generales, especialistas y Odontólogos
								","
									Personal médico en formación
								","
									Médicos en otras labores
								","
									Enfermeras generales y especialistas
								","
									Pasantes de enfermería
								","
									Auxiliares de enfermería
								","
									Personal de enfermería en otras labores
								","
									Personal profesional
								","
									Personal técnico
								","
									Otro personal
								","
									TOTAL
								"
144,"
2012
","
5,823
","
1,576
","
770
","
6,201
","
594
","
3,893
","
645
","
2,079
","
2,371
","
5,819
","
29,771
"
145,"
2013
","
5,935
","
1,699
","
807
","
6,283
","
666
","
3,929
","
656
","
2,117
","
2,443
","
6,286
","
30,821
"
146,"
2014
","
6,161
","
1,730
","
841
","
6,664
","
555
","
4,210
","
754
","
2,302
","
2,558
","
6,258
","
32,033
"
147,"
2015
","
6,621
","
1,734
","
982
","
7,226
","
878
","
4,218
","
880
","
1,463
","
3,063
","
6,186
","
33,251
"
148,"
2016
","
6,906
","
1,709
","
655
","
7,612
","
1,217
","
4,284
","
846
","
1,582
","
4,471
","
6,081
","
35,363
"
149,"
2017
","
7,216
","
1,887
","
697
","
7,524
","
1,266
","
4,563
","
803
","
1,507
","
4,222
","
6,354
","
36,039
"
150,"
2018
","
7,348
","
1,890
","
805
","
8,094
","
1,158
","
4,752
","
857
","
1,631
","
4,632
","
6,862
","
38,029
"
151,"
2019
","
7,649
","
1,891
","
788
","
8,387
","
1,050
","
4,742
","
899
","
1,711
","
4,905
","
6,885
","
38,907
"
152,"
2020
","
7,879
","
1,940
","
804
","
9,028
","
739
","
4,876
","
938
","
1,733
","
5,110
","
7,146
","
40,193
"
153,"
2021
","
7,914
","
2,263
","
857
","
9,148
","
795
","
4,870
","
970
","
1,906
","
5,081
","
6,874
","
40,678
"
154,"
2022
","
7,978
","
2,338
","
848
","
9,205
","
860
","
4,836
","
1,053
","
1,941
","
4,945
","
6,862
","
40,866
"
155,"
2023
","
8,092
","
3,007
","
899
","
9,244
","
918
","
4,836
","
1,076
","
1,905
","
4,973
","
6,931
","
41,881
"
156,"
									Año
								","
									Médicos generales, especialistas y Odontólogos
								","
									Personal médico en formación
								","
									Médicos en otras labores
								","
									Enfermeras generales y especialistas
								","
									Pasantes de enfermería
								","
									Auxiliares de enfermería
								","
									Personal de enfermería en otras labores
								","
									Personal profesional
								","
									Personal técnico
								","
									Otro personal
								","
									TOTAL
								"
157,"
2012
","
3,967
","
792
","
301
","
4,147
","
450
","
1,543
","
297
","
1,065
","
1,865
","
3,961
","
18,388
"
158,"
2013
","
4,151
","
734
","
304
","
4,268
","
467
","
1,677
","
292
","
1,111
","
1,893
","
3,990
","
18,887
"
159,"
2014
","
4,986
","
774
","
283
","
4,878
","
486
","
1,958
","
321
","
1,209
","
2,111
","
4,371
","
21,377
"
160,"
2015
","
5,377
","
757
","
451
","
5,152
","
660
","
2,189
","
375
","
1,030
","
2,390
","
4,633
","
23,014
"
161,"
2016
","
5,474
","
850
","
275
","
5,525
","
777
","
2,239
","
381
","
1,219
","
2,867
","
5,049
","
24,656
"
162,"
2017
","
5,762
","
1,024
","
325
","
5,744
","
1,120
","
2,568
","
528
","
1,301
","
2,853
","
5,717
","
26,942
"
163,"
2018
","
6,124
","
991
","
356
","
5,792
","
959
","
3,116
","
425
","
1,333
","
2,674
","
6,002
","
27,772
"
164,"
2019
","
5,938
","
995
","
347
","
5,585
","
1,005
","
3,186
","
404
","
1,410
","
2,638
","
5,723
","
27,231
"
165,"
2020
","
5,996
","
834
","
319
","
5,638
","
868
","
3,523
","
407
","
1,430
","
2,711
","
5,853
","
27,579
"
166,"
2021
","
6,125
","
997
","
309
","
6,024
","
820
","
3,525
","
452
","
1,538
","
2,847
","
5,913
","
28,550
"
167,"
2022
","
6,111
","
948
","
352
","
6,136
","
901
","
3,303
","
584
","
1,555
","
2,787
","
5,931
","
28,608
"
168,"
2023
","
6,018
","
1,413
","
341
","
6,511
","
670
","
2,904
","
456
","
1,695
","
2,672
","
5,798
","
28,478
"
169,"
									Año
								","
									Médicos generales, especialistas y Odontólogos
								","
									Personal médico en formación
								","
									Médicos en otras labores
								","
									Enfermeras generales y especialistas
								","
									Pasantes de enfermería
								","
									Auxiliares de enfermería
								","
									Personal de enfermería en otras labores
								","
									Personal profesional
								","
									Personal técnico
								","
									Otro personal
								","
									TOTAL
								"
170,"
2012
","
3,237
","
817
","
401
","
2,807
","
700
","
2,465
","
356
","
908
","
1,462
","
3,860
","
17,013
"
171,"
2013
","
3,275
","
850
","
381
","
2,792
","
763
","
2,424
","
354
","
927
","
1,499
","
3,857
","
17,122
"
172,"
2014
","
3,370
","
916
","
374
","
2,855
","
818
","
2,423
","
347
","
889
","
1,522
","
3,946
","
17,460
"
173,"
2015
","
3,564
","
940
","
345
","
2,958
","
865
","
2,417
","
362
","
534
","
1,506
","
4,148
","
17,639
"
174,"
2016
","
3,655
","
948
","
242
","
2,955
","
911
","
2,565
","
325
","
581
","
2,042
","
4,013
","
18,237
"
175,"
2017
","
3,678
","
988
","
246
","
3,034
","
1,037
","
2,558
","
330
","
526
","
2,023
","
4,024
","
18,444
"
176,"
2018
","
3,752
","
1,035
","
262
","
3,048
","
1,023
","
2,565
","
323
","
596
","
1,994
","
4,112
","
18,710
"
177,"
2019
","
3,911
","
908
","
222
","
3,201
","
912
","
2,461
","
327
","
619
","
1,941
","
4,015
","
18,517
"
178,"
2020
","
4,252
","
1,005
","
255
","
3,750
","
860
","
2,621
","
318
","
755
","
2,090
","
4,404
","
20,310
"
179,"
2021
","
4,299
","
1,128
","
295
","
4,111
","
864
","
2,629
","
337
","
1,000
","
2,117
","
4,591
","
21,371
"
180,"
2022
","
4,381
","
1,227
","
277
","
4,196
","
896
","
2,815
","
355
","
814
","
2,292
","
4,905
","
22,158
"
181,"
2023
","
4,417
","
1,690
","
318
","
4,297
","
950
","
2,901
","
396
","
969
","
2,524
","
4,822
","
23,284
"
182,"
									Año
								","
									Médicos generales, especialistas y Odontólogos
								","
									Personal médico en formación
								","
									Médicos en otras labores
								","
									Enfermeras generales y especialistas
								","
									Pasantes de enfermería
								","
									Auxiliares de enfermería
								","
									Personal de enfermería en otras labores
								","
									Personal profesional
								","
									Personal técnico
								","
									Otro personal
								","
									TOTAL
								"
183,"
2012
","
8,591
","
3,481
","
1,135
","
9,356
","
1,022
","
6,441
","
1,359
","
3,583
","
3,559
","
12,214
","
50,741
"
184,"
2013
","
8,891
","
3,794
","
1,155
","
9,521
","
1,225
","
6,487
","
1,335
","
3,647
","
3,595
","
12,144
","
51,794
"
185,"
2014
","
9,042
","
4,874
","
1,167
","
9,690
","
1,511
","
6,542
","
1,392
","
3,731
","
3,622
","
12,210
","
53,781
"
186,"
2015
","
9,791
","
5,339
","
1,512
","
9,965
","
2,162
","
7,096
","
1,405
","
1,907
","
4,367
","
11,644
","
55,188
"
187,"
2016
","
9,827
","
5,419
","
942
","
9,708
","
2,310
","
7,126
","
1,382
","
1,954
","
6,751
","
10,911
","
56,330
"
188,"
2017
","
9,808
","
5,279
","
930
","
10,109
","
2,097
","
7,236
","
1,359
","
1,915
","
6,736
","
11,219
","
56,688
"
189,"
2018
","
9,793
","
5,138
","
981
","
10,273
","
2,106
","
7,204
","
1,344
","
1,892
","
6,896
","
11,186
","
56,813
"
190,"
2019
","
9,927
","
4,845
","
940
","
10,391
","
1,964
","
7,079
","
1,399
","
1,949
","
6,904
","
11,021
","
56,419
"
191,"
2020
","
10,110
","
4,848
","
966
","
10,655
","
1,874
","
7,135
","
1,387
","
1,977
","
6,915
","
11,191
","
57,058
"
192,"
2021
","
10,339
","
5,166
","
975
","
10,789
","
1,753
","
7,434
","
1,447
","
2,007
","
7,080
","
11,464
","
58,454
"
193,"
2022
","
10,902
","
5,471
","
1,014
","
11,306
","
1,719
","
7,788
","
1,474
","
2,126
","
7,286
","
12,073
","
61,159
"
194,"
2023
","
11,449
","
7,604
","
1,134
","
11,096
","
1,100
","
8,516
","
1,524
","
2,286
","
7,379
","
12,971
","
65,059
"
195,"
									Año
								","
									Médicos generales, especialistas y Odontólogos
								","
									Personal médico en formación
								","
									Médicos en otras labores
								","
									Enfermeras generales y especialistas
								","
									Pasantes de enfermería
								","
									Auxiliares de enfermería
								","
									Personal de enfermería en otras labores
								","
									Personal profesional
								","
									Personal técnico
								","
									Otro personal
								","
									TOTAL
								"
196,"
2012
","
14,860
","
3,003
","
1,815
","
16,013
","
2,186
","
7,329
","
1,491
","
5,613
","
9,795
","
20,616
","
82,721
"
197,"
2013
","
15,637
","
3,198
","
1,929
","
16,947
","
2,465
","
7,761
","
1,544
","
5,850
","
9,932
","
21,285
","
86,548
"
198,"
2014
","
16,415
","
3,326
","
2,029
","
17,568
","
2,687
","
8,274
","
1,760
","
6,411
","
10,231
","
22,260
","
90,961
"
199,"
2015
","
17,599
","
3,642
","
2,812
","
18,680
","
2,845
","
8,312
","
1,916
","
3,556
","
11,683
","
22,573
","
93,618
"
200,"
2016
","
18,119
","
4,488
","
1,984
","
20,607
","
3,490
","
8,429
","
1,893
","
3,853
","
14,844
","
22,438
","
100,145
"
201,"
2017
","
17,304
","
3,934
","
1,755
","
19,269
","
3,536
","
8,611
","
2,066
","
3,922
","
14,294
","
20,627
","
95,318
"
202,"
2018
","
17,190
","
4,645
","
1,857
","
19,678
","
3,721
","
8,117
","
2,016
","
4,067
","
15,161
","
20,566
","
97,018
"
203,"
2019
","
17,689
","
5,136
","
1,897
","
20,585
","
3,146
","
8,303
","
2,083
","
4,278
","
15,243
","
21,315
","
99,675
"
204,"
2020
","
18,135
","
5,236
","
1,906
","
21,362
","
3,501
","
8,892
","
2,291
","
4,341
","
15,654
","
21,679
","
102,997
"
205,"
2021
","
18,108
","
6,030
","
1,920
","
21,552
","
3,098
","
8,384
","
3,805
","
4,542
","
14,382
","
21,890
","
103,711
"
206,"
2022
","
18,535
","
5,925
","
1,914
","
21,483
","
3,472
","
8,621
","
3,928
","
4,677
","
14,328
","
21,509
","
104,392
"
207,"
2023
","
18,399
","
8,543
","
2,013
","
21,464
","
3,172
","
8,950
","
4,246
","
4,704
","
14,262
","
21,451
","
107,204
"
208,"
									Año
								","
									Médicos generales, especialistas y Odontólogos
								","
									Personal médico en formación
								","
									Médicos en otras labores
								","
									Enfermeras generales y especialistas
								","
									Pasantes de enfermería
								","
									Auxiliares de enfermería
								","
									Personal de enfermería en otras labores
								","
									Personal profesional
								","
									Personal técnico
								","
									Otro personal
								","
									TOTAL
								"
209,"
2012
","
4,885
","
1,777
","
485
","
3,698
","
1,013
","
3,501
","
470
","
1,493
","
1,310
","
6,014
","
24,646
"
210,"
2013
","
5,006
","
1,935
","
584
","
3,778
","
1,245
","
3,564
","
539
","
1,493
","
1,317
","
6,465
","
25,926
"
211,"
2014
","
5,086
","
1,826
","
607
","
3,950
","
1,385
","
3,450
","
608
","
1,543
","
1,381
","
6,505
","
26,341
"
212,"
2015
","
5,505
","
1,654
","
702
","
4,140
","
1,441
","
3,475
","
643
","
1,200
","
1,639
","
6,933
","
27,332
"
213,"
2016
","
5,516
","
1,680
","
607
","
4,138
","
1,413
","
3,498
","
592
","
1,359
","
2,607
","
6,342
","
27,752
"
214,"
2017
","
5,594
","
1,723
","
633
","
4,245
","
1,552
","
3,672
","
585
","
1,345
","
2,686
","
6,601
","
28,636
"
215,"
2018
","
5,568
","
1,852
","
614
","
4,462
","
1,411
","
3,503
","
520
","
1,303
","
2,672
","
6,519
","
28,424
"
216,"
2019
","
5,626
","
1,708
","
568
","
4,504
","
1,393
","
3,345
","
537
","
1,345
","
2,670
","
6,705
","
28,401
"
217,"
2020
","
6,033
","
1,785
","
517
","
4,965
","
1,403
","
3,450
","
536
","
1,351
","
2,715
","
6,832
","
29,587
"
218,"
2021
","
6,008
","
1,931
","
502
","
4,933
","
1,144
","
3,391
","
606
","
1,343
","
2,657
","
6,601
","
29,116
"
219,"
2022
","
6,052
","
1,944
","
532
","
4,956
","
1,156
","
3,549
","
561
","
1,290
","
2,645
","
6,548
","
29,233
"
220,"
2023
","
6,160
","
2,739
","
543
","
5,212
","
1,199
","
3,578
","
564
","
1,372
","
2,583
","
6,871
","
30,821
"
221,"
									Año
								","
									Médicos generales, especialistas y Odontólogos
								","
									Personal médico en formación
								","
									Médicos en otras labores
								","
									Enfermeras generales y especialistas
								","
									Pasantes de enfermería
								","
									Auxiliares de enfermería
								","
									Personal de enfermería en otras labores
								","
									Personal profesional
								","
									Personal técnico
								","
									Otro personal
								","
									TOTAL
								"
222,"
2012
","
2,284
","
397
","
249
","
2,582
","
314
","
902
","
269
","
678
","
1,024
","
2,758
","
11,457
"
223,"
2013
","
2,492
","
428
","
250
","
2,621
","
459
","
1,176
","
267
","
702
","
1,276
","
2,782
","
12,453
"
224,"
2014
","
2,634
","
510
","
265
","
2,709
","
444
","
1,252
","
297
","
778
","
1,263
","
3,000
","
13,152
"
225,"
2015
","
2,717
","
500
","
311
","
2,605
","
536
","
1,347
","
293
","
507
","
1,264
","
2,870
","
12,950
"
226,"
2016
","
2,699
","
680
","
264
","
2,604
","
647
","
1,332
","
301
","
465
","
1,695
","
2,764
","
13,451
"
227,"
2017
","
2,740
","
733
","
249
","
2,482
","
732
","
1,466
","
238
","
471
","
1,624
","
2,816
","
13,551
"
228,"
2018
","
2,796
","
690
","
284
","
2,653
","
697
","
1,388
","
267
","
495
","
1,659
","
2,866
","
13,795
"
229,"
2019
","
2,814
","
632
","
214
","
2,692
","
702
","
1,348
","
291
","
510
","
1,621
","
2,892
","
13,716
"
230,"
2020
","
2,827
","
519
","
194
","
2,647
","
829
","
1,417
","
295
","
534
","
1,700
","
2,983
","
13,945
"
231,"
2021
","
2,795
","
538
","
224
","
2,724
","
417
","
1,412
","
290
","
536
","
1,698
","
3,278
","
13,912
"
232,"
2022
","
2,865
","
536
","
218
","
2,955
","
553
","
1,172
","
313
","
567
","
1,699
","
3,359
","
14,237
"
233,"
2023
","
2,959
","
828
","
242
","
2,990
","
719
","
1,375
","
323
","
638
","
1,793
","
3,700
","
15,567
"
234,"
									Año
								","
									Médicos generales, especialistas y Odontólogos
								","
									Personal médico en formación
								","
									Médicos en otras labores
								","
									Enfermeras generales y especialistas
								","
									Pasantes de enfermería
								","
									Auxiliares de enfermería
								","
									Personal de enfermería en otras labores
								","
									Personal profesional
								","
									Personal técnico
								","
									Otro personal
								","
									TOTAL
								"
235,"
2012
","
1,786
","
479
","
181
","
1,868
","
216
","
766
","
187
","
629
","
575
","
2,228
","
8,915
"
236,"
2013
","
1,822
","
549
","
187
","
1,878
","
228
","
776
","
171
","
657
","
587
","
2,240
","
9,095
"
237,"
2014
","
1,804
","
570
","
187
","
1,868
","
259
","
793
","
173
","
663
","
588
","
2,181
","
9,086
"
238,"
2015
","
1,911
","
594
","
214
","
1,902
","
367
","
891
","
195
","
380
","
706
","
2,526
","
9,686
"
239,"
2016
","
1,904
","
622
","
130
","
1,951
","
417
","
971
","
152
","
432
","
1,017
","
2,300
","
9,896
"
240,"
2017
","
1,890
","
611
","
144
","
1,905
","
461
","
998
","
148
","
425
","
952
","
2,318
","
9,852
"
241,"
2018
","
2,011
","
667
","
168
","
2,008
","
477
","
1,024
","
152
","
429
","
965
","
2,392
","
10,293
"
242,"
2019
","
2,090
","
645
","
140
","
1,826
","
551
","
1,062
","
169
","
519
","
978
","
2,396
","
10,376
"
243,"
2020
","
2,336
","
739
","
159
","
1,935
","
556
","
1,252
","
225
","
527
","
1,234
","
2,621
","
11,584
"
244,"
2021
","
2,519
","
754
","
163
","
2,208
","
443
","
1,288
","
225
","
540
","
1,326
","
2,658
","
12,124
"
245,"
2022
","
2,496
","
764
","
154
","
2,337
","
477
","
1,351
","
231
","
457
","
1,305
","
2,730
","
12,302
"
246,"
2023
","
2,596
","
1,222
","
185
","
2,452
","
504
","
1,502
","
236
","
510
","
1,389
","
2,788
","
13,384
"
247,"
									Año
								","
									Médicos generales, especialistas y Odontólogos
								","
									Personal médico en formación
								","
									Médicos en otras labores
								","
									Enfermeras generales y especialistas
								","
									Pasantes de enfermería
								","
									Auxiliares de enfermería
								","
									Personal de enfermería en otras labores
								","
									Personal profesional
								","
									Personal técnico
								","
									Otro personal
								","
									TOTAL
								"
248,"
2012
","
4,686
","
1,659
","
719
","
5,516
","
533
","
3,329
","
855
","
2,873
","
2,416
","
7,199
","
29,785
"
249,"
2013
","
5,611
","
2,107
","
764
","
6,404
","
742
","
3,821
","
829
","
3,355
","
2,802
","
8,321
","
34,756
"
250,"
2014
","
5,837
","
2,265
","
840
","
6,638
","
874
","
3,871
","
877
","
3,347
","
2,965
","
8,495
","
36,009
"
251,"
2015
","
6,324
","
2,358
","
1,089
","
6,824
","
856
","
4,000
","
934
","
1,744
","
3,786
","
8,057
","
35,972
"
252,"
2016
","
6,260
","
2,706
","
549
","
7,637
","
932
","
4,139
","
847
","
1,801
","
5,395
","
7,617
","
37,883
"
253,"
2017
","
6,290
","
2,996
","
584
","
6,983
","
980
","
4,158
","
816
","
1,864
","
5,696
","
7,481
","
37,848
"
254,"
2018
","
6,414
","
3,844
","
671
","
7,150
","
1,430
","
4,230
","
829
","
2,028
","
5,914
","
7,692
","
40,202
"
255,"
2019
","
6,402
","
4,007
","
641
","
7,015
","
1,377
","
4,036
","
895
","
1,987
","
5,982
","
7,348
","
39,690
"
256,"
2020
","
6,505
","
3,852
","
624
","
7,239
","
1,119
","
4,308
","
870
","
1,949
","
5,862
","
7,345
","
39,673
"
257,"
2021
","
6,768
","
4,072
","
673
","
7,690
","
1,246
","
4,559
","
944
","
2,081
","
6,066
","
7,629
","
41,728
"
258,"
2022
","
6,919
","
4,367
","
673
","
7,939
","
1,345
","
4,418
","
919
","
2,140
","
6,137
","
7,817
","
42,674
"
259,"
2023
","
7,181
","
4,388
","
735
","
8,093
","
1,413
","
4,479
","
976
","
2,160
","
6,109
","
8,092
","
43,626
"
260,"
									Año
								","
									Médicos generales, especialistas y Odontólogos
								","
									Personal médico en formación
								","
									Médicos en otras labores
								","
									Enfermeras generales y especialistas
								","
									Pasantes de enfermería
								","
									Auxiliares de enfermería
								","
									Personal de enfermería en otras labores
								","
									Personal profesional
								","
									Personal técnico
								","
									Otro personal
								","
									TOTAL
								"
261,"
2012
","
4,579
","
1,080
","
386
","
4,222
","
403
","
3,108
","
301
","
794
","
1,528
","
5,016
","
21,417
"
262,"
2013
","
4,815
","
970
","
431
","
4,333
","
426
","
3,207
","
310
","
811
","
1,735
","
5,021
","
22,059
"
263,"
2014
","
4,992
","
1,151
","
383
","
4,757
","
453
","
3,028
","
292
","
856
","
1,749
","
5,215
","
22,876
"
264,"
2015
","
5,056
","
1,137
","
415
","
4,824
","
523
","
2,947
","
306
","
683
","
1,871
","
5,070
","
22,832
"
265,"
2016
","
5,284
","
1,323
","
355
","
5,183
","
754
","
2,861
","
314
","
822
","
2,262
","
5,072
","
24,230
"
266,"
2017
","
5,283
","
1,287
","
376
","
5,068
","
800
","
2,877
","
303
","
814
","
2,182
","
5,198
","
24,188
"
267,"
2018
","
5,368
","
1,232
","
411
","
5,193
","
895
","
2,783
","
308
","
871
","
2,160
","
5,322
","
24,543
"
268,"
2019
","
5,333
","
1,115
","
339
","
5,550
","
839
","
2,536
","
363
","
895
","
2,091
","
5,264
","
24,325
"
269,"
2020
","
5,575
","
1,034
","
357
","
5,775
","
790
","
2,782
","
392
","
911
","
2,069
","
5,649
","
25,334
"
270,"
2021
","
5,403
","
1,319
","
345
","
5,654
","
769
","
2,898
","
404
","
961
","
2,100
","
5,357
","
25,210
"
271,"
2022
","
5,665
","
1,570
","
403
","
6,000
","
830
","
2,917
","
437
","
986
","
2,206
","
5,412
","
26,426
"
272,"
2023
","
5,681
","
1,801
","
386
","
6,034
","
851
","
2,989
","
562
","
980
","
2,172
","
5,034
","
26,490
"
273,"
									Año
								","
									Médicos generales, especialistas y Odontólogos
								","
									Personal médico en formación
								","
									Médicos en otras labores
								","
									Enfermeras generales y especialistas
								","
									Pasantes de enfermería
								","
									Auxiliares de enfermería
								","
									Personal de enfermería en otras labores
								","
									Personal profesional
								","
									Personal técnico
								","
									Otro personal
								","
									TOTAL
								"
274,"
2012
","
5,636
","
2,261
","
627
","
5,216
","
933
","
4,038
","
560
","
1,694
","
2,275
","
7,228
","
30,468
"
275,"
2013
","
5,479
","
2,188
","
591
","
5,349
","
990
","
3,951
","
538
","
1,681
","
2,219
","
6,571
","
29,557
"
276,"
2014
","
6,445
","
2,604
","
704
","
5,632
","
1,125
","
4,642
","
707
","
1,987
","
2,673
","
8,108
","
34,627
"
277,"
2015
","
6,830
","
2,670
","
899
","
5,444
","
1,373
","
5,194
","
748
","
1,350
","
3,196
","
10,134
","
37,838
"
278,"
2016
","
6,887
","
2,874
","
714
","
5,727
","
1,456
","
5,504
","
659
","
1,412
","
3,967
","
9,922
","
39,122
"
279,"
2017
","
7,133
","
3,010
","
700
","
5,792
","
1,682
","
5,638
","
629
","
1,444
","
4,006
","
9,714
","
39,748
"
280,"
2018
","
6,996
","
2,772
","
684
","
5,704
","
1,722
","
5,621
","
627
","
1,415
","
3,984
","
7,342
","
36,867
"
281,"
2019
","
7,271
","
2,877
","
606
","
5,889
","
1,523
","
5,555
","
692
","
1,478
","
3,965
","
7,676
","
37,532
"
282,"
2020
","
6,849
","
2,807
","
561
","
5,686
","
1,710
","
5,322
","
712
","
1,335
","
3,846
","
7,695
","
36,523
"
283,"
2021
","
7,166
","
3,157
","
583
","
5,645
","
1,653
","
5,294
","
628
","
1,419
","
3,637
","
8,290
","
37,472
"
284,"
2022
","
7,185
","
3,722
","
604
","
5,648
","
1,665
","
5,341
","
603
","
1,505
","
3,821
","
8,096
","
38,190
"
285,"
2023
","
7,830
","
4,861
","
652
","
6,468
","
1,761
","
5,561
","
697
","
1,683
","
4,196
","
8,668
","
42,377
"
286,"
									Año
								","
									Médicos generales, especialistas y Odontólogos
								","
									Personal médico en formación
								","
									Médicos en otras labores
								","
									Enfermeras generales y especialistas
								","
									Pasantes de enfermería
								","
									Auxiliares de enfermería
								","
									Personal de enfermería en otras labores
								","
									Personal profesional
								","
									Personal técnico
								","
									Otro personal
								","
									TOTAL
								"
287,"
2012
","
2,081
","
823
","
232
","
2,076
","
107
","
1,308
","
182
","
853
","
738
","
2,441
","
10,841
"
288,"
2013
","
2,144
","
848
","
232
","
2,093
","
115
","
1,378
","
187
","
843
","
772
","
2,498
","
11,110
"
289,"
2014
","
2,192
","
782
","
235
","
2,024
","
155
","
1,499
","
218
","
858
","
791
","
2,551
","
11,305
"
290,"
2015
","
2,308
","
811
","
271
","
1,956
","
218
","
1,675
","
219
","
440
","
942
","
2,443
","
11,283
"
291,"
2016
","
2,360
","
826
","
181
","
2,173
","
213
","
1,638
","
225
","
458
","
1,446
","
2,306
","
11,826
"
292,"
2017
","
2,493
","
887
","
206
","
2,241
","
251
","
1,619
","
226
","
441
","
1,443
","
2,378
","
12,185
"
293,"
2018
","
2,523
","
910
","
215
","
2,213
","
240
","
1,698
","
219
","
453
","
1,512
","
2,422
","
12,405
"
294,"
2019
","
2,944
","
1,004
","
212
","
2,637
","
241
","
1,930
","
249
","
613
","
1,823
","
2,565
","
14,218
"
295,"
2020
","
2,970
","
1,061
","
223
","
2,684
","
221
","
1,940
","
242
","
576
","
1,861
","
2,651
","
14,429
"
296,"
2021
","
3,082
","
1,420
","
222
","
3,038
","
190
","
1,919
","
269
","
561
","
2,053
","
2,552
","
15,306
"
297,"
2022
","
3,052
","
1,412
","
251
","
2,928
","
148
","
1,979
","
318
","
538
","
1,964
","
3,045
","
15,635
"
298,"
2023
","
3,094
","
2,083
","
236
","
2,927
","
159
","
1,991
","
321
","
595
","
1,867
","
3,228
","
16,501
"
299,"
									Año
								","
									Médicos generales, especialistas y Odontólogos
								","
									Personal médico en formación
								","
									Médicos en otras labores
								","
									Enfermeras generales y especialistas
								","
									Pasantes de enfermería
								","
									Auxiliares de enfermería
								","
									Personal de enfermería en otras labores
								","
									Personal profesional
								","
									Personal técnico
								","
									Otro personal
								","
									TOTAL
								"
300,"
2012
","
1,918
","
156
","
254
","
2,013
","
58
","
1,064
","
162
","
699
","
664
","
2,732
","
9,720
"
301,"
2013
","
1,902
","
183
","
231
","
1,905
","
67
","
1,053
","
169
","
670
","
675
","
2,636
","
9,491
"
302,"
2014
","
1,994
","
274
","
247
","
1,966
","
144
","
1,101
","
174
","
671
","
720
","
2,695
","
9,986
"
303,"
2015
","
2,056
","
289
","
355
","
2,036
","
188
","
1,168
","
178
","
382
","
878
","
2,694
","
10,224
"
304,"
2016
","
2,085
","
441
","
210
","
2,082
","
304
","
1,186
","
175
","
388
","
1,268
","
2,579
","
10,718
"
305,"
2017
","
2,164
","
458
","
217
","
2,109
","
385
","
1,180
","
213
","
454
","
1,213
","
2,654
","
11,047
"
306,"
2018
","
2,219
","
343
","
254
","
2,391
","
408
","
1,159
","
231
","
454
","
1,278
","
2,703
","
11,440
"
307,"
2019
","
2,341
","
332
","
239
","
2,575
","
353
","
1,192
","
243
","
507
","
1,491
","
2,751
","
12,024
"
308,"
2020
","
2,464
","
197
","
222
","
2,747
","
213
","
1,322
","
223
","
512
","
1,395
","
2,958
","
12,253
"
309,"
2021
","
2,453
","
244
","
228
","
2,806
","
252
","
1,401
","
270
","
532
","
1,406
","
3,012
","
12,604
"
310,"
2022
","
2,350
","
436
","
263
","
2,590
","
544
","
1,311
","
320
","
537
","
1,504
","
2,982
","
12,837
"
311,"
2023
","
2,402
","
352
","
291
","
2,638
","
326
","
1,313
","
327
","
520
","
1,490
","
2,959
","
12,618
"
312,"
									Año
								","
									Médicos generales, especialistas y Odontólogos
								","
									Personal médico en formación
								","
									Médicos en otras labores
								","
									Enfermeras generales y especialistas
								","
									Pasantes de enfermería
								","
									Auxiliares de enfermería
								","
									Personal de enfermería en otras labores
								","
									Personal profesional
								","
									Personal técnico
								","
									Otro personal
								","
									TOTAL
								"
313,"
2012
","
2,760
","
1,302
","
276
","
3,127
","
232
","
2,013
","
281
","
1,109
","
1,393
","
3,476
","
15,969
"
314,"
2013
","
2,834
","
1,312
","
272
","
3,118
","
254
","
2,001
","
279
","
1,106
","
1,400
","
3,437
","
16,013
"
315,"
2014
","
2,880
","
1,348
","
267
","
3,204
","
239
","
1,933
","
274
","
1,145
","
1,390
","
3,392
","
16,072
"
316,"
2015
","
3,023
","
1,350
","
564
","
3,319
","
237
","
1,898
","
303
","
725
","
1,640
","
3,127
","
16,186
"
317,"
2016
","
3,210
","
1,429
","
206
","
3,437
","
585
","
2,376
","
240
","
1,130
","
1,899
","
3,222
","
17,734
"
318,"
2017
","
3,209
","
1,448
","
222
","
3,345
","
549
","
2,430
","
231
","
1,168
","
1,918
","
3,334
","
17,854
"
319,"
2018
","
3,239
","
1,359
","
235
","
3,538
","
725
","
2,308
","
252
","
1,129
","
2,179
","
3,466
","
18,430
"
320,"
2019
","
3,185
","
1,215
","
194
","
3,427
","
653
","
2,203
","
245
","
1,070
","
2,118
","
3,201
","
17,511
"
321,"
2020
","
3,190
","
1,361
","
283
","
3,270
","
611
","
2,625
","
340
","
948
","
2,137
","
3,554
","
18,319
"
322,"
2021
","
3,228
","
1,434
","
292
","
3,303
","
512
","
2,598
","
358
","
943
","
2,163
","
3,619
","
18,450
"
323,"
2022
","
3,117
","
1,354
","
275
","
3,336
","
725
","
2,315
","
356
","
902
","
2,200
","
3,587
","
18,167
"
324,"
2023
","
2,968
","
1,805
","
266
","
2,994
","
619
","
2,209
","
317
","
729
","
2,081
","
3,014
","
17,002
"
325,"
									Año
								","
									Médicos generales, especialistas y Odontólogos
								","
									Personal médico en formación
								","
									Médicos en otras labores
								","
									Enfermeras generales y especialistas
								","
									Pasantes de enfermería
								","
									Auxiliares de enfermería
								","
									Personal de enfermería en otras labores
								","
									Personal profesional
								","
									Personal técnico
								","
									Otro personal
								","
									TOTAL
								"
326,"
2012
","
3,965
","
727
","
387
","
3,607
","
205
","
2,404
","
407
","
1,620
","
1,332
","
4,441
","
19,095
"
327,"
2013
","
4,065
","
704
","
367
","
3,665
","
222
","
2,471
","
415
","
1,647
","
1,375
","
4,576
","
19,507
"
328,"
2014
","
4,411
","
1,006
","
410
","
4,198
","
381
","
2,601
","
603
","
1,820
","
1,444
","
5,156
","
22,030
"
329,"
2015
","
4,570
","
1,003
","
532
","
4,334
","
353
","
2,602
","
570
","
1,133
","
1,798
","
4,908
","
21,803
"
330,"
2016
","
4,676
","
1,377
","
312
","
4,360
","
572
","
2,734
","
521
","
1,162
","
2,580
","
4,675
","
22,969
"
331,"
2017
","
4,852
","
1,623
","
339
","
4,703
","
623
","
2,774
","
468
","
1,171
","
2,678
","
4,945
","
24,176
"
332,"
2018
","
4,751
","
1,640
","
428
","
4,669
","
907
","
2,689
","
471
","
1,183
","
2,933
","
4,947
","
24,618
"
333,"
2019
","
4,691
","
1,719
","
369
","
4,240
","
863
","
2,640
","
532
","
1,231
","
2,889
","
4,705
","
23,879
"
334,"
2020
","
4,938
","
1,548
","
603
","
5,066
","
549
","
2,696
","
535
","
1,185
","
3,013
","
5,356
","
25,489
"
335,"
2021
","
4,988
","
1,807
","
612
","
5,229
","
749
","
2,585
","
556
","
1,330
","
2,959
","
5,215
","
26,030
"
336,"
2022
","
5,153
","
2,305
","
511
","
5,835
","
869
","
2,191
","
592
","
1,423
","
3,139
","
5,586
","
27,604
"
337,"
2023
","
5,380
","
3,258
","
466
","
6,076
","
900
","
2,225
","
613
","
1,862
","
3,173
","
5,718
","
29,671
"
338,"
									Año
								","
									Médicos generales, especialistas y Odontólogos
								","
									Personal médico en formación
								","
									Médicos en otras labores
								","
									Enfermeras generales y especialistas
								","
									Pasantes de enfermería
								","
									Auxiliares de enfermería
								","
									Personal de enfermería en otras labores
								","
									Personal profesional
								","
									Personal técnico
								","
									Otro personal
								","
									TOTAL
								"
339,"
2012
","
3,330
","
1,243
","
429
","
4,116
","
316
","
2,074
","
515
","
1,636
","
1,413
","
5,840
","
20,912
"
340,"
2013
","
3,614
","
1,264
","
469
","
4,559
","
321
","
2,220
","
535
","
1,764
","
1,576
","
6,290
","
22,612
"
341,"
2014
","
4,184
","
1,153
","
593
","
5,076
","
453
","
2,490
","
547
","
1,929
","
1,478
","
6,965
","
24,868
"
342,"
2015
","
4,729
","
1,242
","
885
","
5,235
","
568
","
2,287
","
607
","
1,131
","
1,838
","
6,727
","
25,249
"
343,"
2016
","
4,514
","
1,379
","
523
","
5,350
","
650
","
2,498
","
574
","
1,211
","
2,796
","
6,403
","
25,898
"
344,"
2017
","
4,816
","
1,664
","
479
","
5,488
","
579
","
2,437
","
786
","
1,397
","
2,965
","
6,398
","
27,009
"
345,"
2018
","
4,759
","
1,527
","
551
","
5,690
","
510
","
2,351
","
872
","
1,361
","
3,316
","
6,574
","
27,511
"
346,"
2019
","
4,981
","
1,637
","
472
","
5,879
","
443
","
2,401
","
958
","
1,469
","
3,397
","
6,763
","
28,400
"
347,"
2020
","
4,412
","
1,721
","
455
","
5,697
","
450
","
2,304
","
703
","
1,308
","
3,321
","
6,113
","
26,484
"
348,"
2021
","
4,804
","
2,249
","
502
","
5,880
","
376
","
2,354
","
850
","
1,462
","
3,401
","
6,096
","
27,974
"
349,"
2022
","
5,430
","
2,072
","
534
","
6,160
","
465
","
2,470
","
900
","
1,607
","
3,547
","
6,382
","
29,567
"
350,"
2023
","
5,603
","
3,362
","
611
","
6,910
","
481
","
2,541
","
928
","
1,816
","
3,772
","
6,850
","
32,874
"
351,"
									Año
								","
									Médicos generales, especialistas y Odontólogos
								","
									Personal médico en formación
								","
									Médicos en otras labores
								","
									Enfermeras generales y especialistas
								","
									Pasantes de enfermería
								","
									Auxiliares de enfermería
								","
									Personal de enfermería en otras labores
								","
									Personal profesional
								","
									Personal técnico
								","
									Otro personal
								","
									TOTAL
								"
352,"
2012
","
3,685
","
557
","
407
","
3,408
","
86
","
1,754
","
298
","
843
","
1,965
","
4,855
","
17,858
"
353,"
2013
","
3,614
","
674
","
395
","
3,472
","
180
","
1,772
","
313
","
869
","
2,158
","
4,952
","
18,399
"
354,"
2014
","
3,993
","
734
","
428
","
3,575
","
208
","
1,925
","
326
","
927
","
1,961
","
5,679
","
19,756
"
355,"
2015
","
4,094
","
915
","
478
","
3,435
","
236
","
2,113
","
328
","
782
","
2,068
","
5,804
","
20,253
"
356,"
2016
","
4,144
","
968
","
400
","
3,519
","
334
","
2,121
","
329
","
820
","
2,253
","
5,804
","
20,692
"
357,"
2017
","
4,168
","
1,146
","
426
","
3,350
","
351
","
2,342
","
315
","
816
","
2,367
","
5,625
","
20,906
"
358,"
2018
","
4,162
","
1,140
","
392
","
3,325
","
479
","
2,212
","
311
","
826
","
2,155
","
5,910
","
20,912
"
359,"
2019
","
4,639
","
1,389
","
408
","
3,856
","
579
","
2,031
","
316
","
1,145
","
2,174
","
6,061
","
22,598
"
360,"
2020
","
4,697
","
1,245
","
422
","
4,273
","
486
","
2,197
","
302
","
1,221
","
2,330
","
5,983
","
23,156
"
361,"
2021
","
4,886
","
1,597
","
447
","
4,352
","
588
","
2,207
","
354
","
1,414
","
2,614
","
5,426
","
23,885
"
362,"
2022
","
5,227
","
1,800
","
435
","
4,727
","
834
","
2,454
","
415
","
1,504
","
2,747
","
5,791
","
25,934
"
363,"
2023
","
5,186
","
1,859
","
461
","
4,882
","
909
","
2,465
","
504
","
1,590
","
2,733
","
5,641
","
26,230
"
364,"
									Año
								","
									Médicos generales, especialistas y Odontólogos
								","
									Personal médico en formación
								","
									Médicos en otras labores
								","
									Enfermeras generales y especialistas
								","
									Pasantes de enfermería
								","
									Auxiliares de enfermería
								","
									Personal de enfermería en otras labores
								","
									Personal profesional
								","
									Personal técnico
								","
									Otro personal
								","
									TOTAL
								"
365,"
2012
","
4,667
","
1,281
","
581
","
5,461
","
703
","
2,618
","
578
","
1,976
","
1,977
","
7,799
","
27,641
"
366,"
2013
","
4,820
","
1,394
","
558
","
5,490
","
850
","
2,820
","
580
","
1,992
","
2,037
","
7,844
","
28,385
"
367,"
2014
","
5,015
","
1,421
","
519
","
5,383
","
992
","
3,162
","
589
","
2,053
","
2,107
","
8,206
","
29,447
"
368,"
2015
","
5,380
","
1,692
","
704
","
5,493
","
1,091
","
3,232
","
640
","
1,255
","
2,509
","
8,307
","
30,303
"
369,"
2016
","
5,484
","
1,546
","
480
","
5,494
","
1,202
","
3,359
","
616
","
1,294
","
3,512
","
8,210
","
31,197
"
370,"
2017
","
5,397
","
1,837
","
486
","
5,934
","
1,266
","
3,265
","
603
","
1,358
","
3,393
","
8,489
","
32,028
"
371,"
2018
","
5,456
","
1,697
","
569
","
5,718
","
1,362
","
3,221
","
596
","
1,391
","
3,489
","
8,454
","
31,953
"
372,"
2019
","
5,378
","
1,745
","
482
","
5,730
","
1,272
","
3,273
","
670
","
1,404
","
3,607
","
8,481
","
32,042
"
373,"
2020
","
5,471
","
1,658
","
501
","
6,071
","
1,230
","
3,303
","
712
","
1,409
","
3,704
","
8,948
","
33,007
"
374,"
2021
","
5,517
","
1,834
","
544
","
5,989
","
961
","
3,209
","
1,587
","
1,690
","
3,845
","
8,643
","
33,819
"
375,"
2022
","
5,464
","
2,041
","
529
","
6,204
","
1,300
","
3,274
","
672
","
1,412
","
3,849
","
8,490
","
33,235
"
376,"
2023
","
5,562
","
3,150
","
554
","
6,430
","
1,251
","
3,400
","
857
","
1,727
","
3,866
","
8,411
","
35,208
"
377,"
									Año
								","
									Médicos generales, especialistas y Odontólogos
								","
									Personal médico en formación
								","
									Médicos en otras labores
								","
									Enfermeras generales y especialistas
								","
									Pasantes de enfermería
								","
									Auxiliares de enfermería
								","
									Personal de enfermería en otras labores
								","
									Personal profesional
								","
									Personal técnico
								","
									Otro personal
								","
									TOTAL
								"
378,"
2012
","
1,824
","
335
","
138
","
1,539
","
207
","
1,048
","
142
","
679
","
534
","
2,152
","
8,598
"
379,"
2013
","
1,838
","
331
","
190
","
1,905
","
236
","
701
","
183
","
670
","
533
","
2,154
","
8,741
"
380,"
2014
","
1,876
","
360
","
170
","
1,645
","
273
","
988
","
193
","
714
","
508
","
2,107
","
8,834
"
381,"
2015
","
1,929
","
365
","
187
","
1,640
","
277
","
996
","
195
","
539
","
534
","
2,123
","
8,785
"
382,"
2016
","
1,954
","
382
","
142
","
1,679
","
285
","
1,001
","
201
","
562
","
805
","
2,096
","
9,107
"
383,"
2017
","
1,970
","
377
","
146
","
1,740
","
292
","
1,018
","
189
","
549
","
769
","
2,135
","
9,185
"
384,"
2018
","
1,962
","
384
","
158
","
1,741
","
298
","
1,017
","
187
","
551
","
797
","
2,147
","
9,242
"
385,"
2019
","
1,906
","
391
","
134
","
1,667
","
282
","
978
","
179
","
543
","
780
","
2,075
","
8,935
"
386,"
2020
","
1,987
","
403
","
147
","
1,702
","
300
","
1,060
","
185
","
585
","
773
","
2,152
","
9,294
"
387,"
2021
","
2,007
","
461
","
146
","
1,696
","
279
","
1,060
","
187
","
575
","
794
","
2,165
","
9,370
"
388,"
2022
","
2,111
","
483
","
95
","
1,760
","
314
","
1,379
","
140
","
734
","
746
","
2,327
","
10,089
"
389,"
2023
","
1,928
","
628
","
101
","
1,610
","
298
","
1,231
","
130
","
651
","
720
","
2,097
","
9,394
"
390,"
									Año
								","
									Médicos generales, especialistas y Odontólogos
								","
									Personal médico en formación
								","
									Médicos en otras labores
								","
									Enfermeras generales y especialistas
								","
									Pasantes de enfermería
								","
									Auxiliares de enfermería
								","
									Personal de enfermería en otras labores
								","
									Personal profesional
								","
									Personal técnico
								","
									Otro personal
								","
									TOTAL
								"
391,"
2012
","
9,333
","
1,697
","
935
","
7,544
","
570
","
7,043
","
660
","
2,699
","
3,371
","
11,635
","
45,487
"
392,"
2013
","
9,495
","
1,740
","
961
","
7,581
","
594
","
7,285
","
683
","
2,763
","
3,449
","
11,438
","
45,989
"
393,"
2014
","
9,721
","
1,867
","
986
","
7,505
","
612
","
8,065
","
749
","
2,864
","
3,910
","
12,041
","
48,320
"
394,"
2015
","
10,689
","
2,107
","
1,251
","
7,865
","
623
","
8,431
","
936
","
1,952
","
4,869
","
12,901
","
51,624
"
395,"
2016
","
10,435
","
2,491
","
858
","
7,962
","
1,082
","
8,607
","
827
","
2,005
","
6,139
","
12,102
","
52,508
"
396,"
2017
","
10,506
","
2,570
","
880
","
7,422
","
1,131
","
8,944
","
782
","
1,939
","
6,311
","
11,968
","
52,453
"
397,"
2018
","
10,427
","
2,539
","
860
","
7,036
","
1,115
","
8,900
","
844
","
1,887
","
6,412
","
12,489
","
52,509
"
398,"
2019
","
10,600
","
2,462
","
773
","
7,134
","
1,178
","
8,992
","
844
","
2,234
","
6,330
","
12,329
","
52,876
"
399,"
2020
","
10,983
","
2,239
","
792
","
7,941
","
863
","
9,457
","
832
","
2,258
","
8,105
","
12,916
","
56,386
"
400,"
2021
","
10,882
","
2,757
","
878
","
7,834
","
946
","
9,304
","
902
","
2,477
","
7,331
","
12,214
","
55,525
"
401,"
2022
","
10,789
","
3,206
","
820
","
8,565
","
1,089
","
9,387
","
887
","
2,375
","
7,334
","
12,690
","
57,142
"
402,"
2023
","
11,107
","
3,629
","
898
","
9,235
","
1,092
","
9,460
","
912
","
2,459
","
7,397
","
12,851
","
59,040
"
403,"
									Año
								","
									Médicos generales, especialistas y Odontólogos
								","
									Personal médico en formación
								","
									Médicos en otras labores
								","
									Enfermeras generales y especialistas
								","
									Pasantes de enfermería
								","
									Auxiliares de enfermería
								","
									Personal de enfermería en otras labores
								","
									Personal profesional
								","
									Personal técnico
								","
									Otro personal
								","
									TOTAL
								"
404,"
2012
","
2,547
","
1,081
","
339
","
2,572
","
249
","
2,137
","
380
","
1,066
","
956
","
3,756
","
15,083
"
405,"
2013
","
2,630
","
1,150
","
339
","
2,598
","
282
","
2,150
","
386
","
1,083
","
966
","
3,761
","
15,345
"
406,"
2014
","
2,782
","
1,186
","
392
","
2,789
","
327
","
2,142
","
401
","
1,173
","
1,082
","
3,892
","
16,166
"
407,"
2015
","
3,213
","
1,237
","
604
","
3,471
","
381
","
2,601
","
449
","
914
","
1,742
","
4,273
","
18,885
"
408,"
2016
","
3,384
","
1,334
","
298
","
3,503
","
661
","
2,571
","
393
","
940
","
2,114
","
3,978
","
19,176
"
409,"
2017
","
3,431
","
1,445
","
352
","
3,326
","
602
","
2,692
","
347
","
951
","
2,089
","
4,139
","
19,374
"
410,"
2018
","
3,508
","
1,461
","
415
","
3,581
","
723
","
2,591
","
368
","
948
","
2,215
","
4,432
","
20,242
"
411,"
2019
","
3,752
","
1,459
","
350
","
3,559
","
949
","
2,245
","
439
","
992
","
2,274
","
4,425
","
20,444
"
412,"
2020
","
3,931
","
1,604
","
358
","
3,991
","
719
","
2,632
","
446
","
1,102
","
2,263
","
4,433
","
21,479
"
413,"
2021
","
3,896
","
1,824
","
372
","
3,756
","
669
","
2,614
","
591
","
1,179
","
2,272
","
4,493
","
21,666
"
414,"
2022
","
3,950
","
1,605
","
371
","
3,801
","
665
","
2,579
","
596
","
1,175
","
2,362
","
4,532
","
21,636
"
415,"
2023
","
4,024
","
2,045
","
395
","
4,084
","
706
","
2,484
","
562
","
1,139
","
2,403
","
4,525
","
22,367
"
